PROBE_NAME	US-1489851-A01	US-1653694-A01	US-1653765-A01	US-1653769-A01	US-1656038-A01	US-1658015-A01	US-1658242-A01	US-1658272-A01	US-1659638-A01	US-1659691-A01	US-1659933-A01	US-1659934-A01
ERCC_00117.1(POS_A)	20832.96	35780.59	29646.67	25329.81	16886.05	25790.37	23244.71	26539.89	24999.99	27699.25	32188.07	29561.78
ERCC_00112.1(POS_B)	4416.96	7379.59	5899.67	5371.81	3542.05	5540.37	5288.72	6073.89	5186.99	6001.25	6587.07	6134.78
ERCC_00002.1(POS_C)	1498.96	2469.59	2070.67	1768.81	1272.05	1911.37	1669.72	1932.89	1750.99	2041.25	2228.07	2030.78
ERCC_00092.1(POS_D)	392.96	608.59	548.67	465.81	324.05	474.37	469.72	518.89	474.99	503.25	533.07	548.78
ERCC_00035.1(POS_E)	90.96	116.59	97.67	106.81	60.05	99.37	71.72	81.89	68.99	99.25	87.07	104.78
ERCC_00034.1(POS_F)	26.96	46.59	45.67	31.81	26.05	46.37	36.72	32.89	40.99	33.25	43.07	38.78
ERCC_00096.1(NEG_A)	1.00	3.59	1.00	1.00	2.05	1.00	1.00	1.00	1.99	1.25	4.07	11.78
ERCC_00041.1(NEG_B)	1.00	1.00	1.67	1.00	1.00	1.00	1.00	1.00	1.00	1.25	1.00	1.00
ERCC_00019.1(NEG_C)	2.96	1.59	1.00	1.00	1.00	4.37	2.72	2.89	1.00	1.00	1.07	1.00
ERCC_00076.1(NEG_D)	3.96	1.00	1.00	1.00	1.05	1.00	1.00	1.00	1.00	5.25	1.00	1.00
ERCC_00098.1(NEG_E)	1.00	1.00	3.67	4.81	7.05	1.37	4.72	3.89	3.99	4.25	1.07	1.00
ERCC_00126.1(NEG_F)	3.96	5.59	8.67	3.81	9.05	7.37	6.72	2.89	7.99	5.25	5.07	6.78
ERCC_00144.1(NEG_G)	5.96	1.00	1.00	1.00	1.00	2.37	1.00	3.89	1.00	1.00	1.00	1.00
ERCC_00154.1(NEG_H)	1.00	1.00	1.00	1.00	1.00	1.00	1.00	1.00	1.00	1.00	1.00	1.78
NM_000014.4	843.05	1212.07	7140.51	5703.68	1929.17	2.40	3.30	10.93	4560.00	4519.54	6385.00	879.87
NM_000927.3	43.86	83.10	974.24	361.05	1187.78	60.93	45.58	131.67	678.21	642.89	177.93	101.17
NM_005157.3	266.29	83.10	159.80	228.77	212.76	72.94	66.72	91.43	248.14	186.62	388.34	154.63
NM_000022.2	740.03	83.10	8.31	57.50	108.14	75.34	62.88	116.02	1696.93	1354.14	35.07	159.98
NM_014243.2	10.82	131.82	1.78	4.08	23.75	17.70	7.14	6.46	8.39	1.68	35.07	6.73
NM_000675.3	15.54	131.82	17.23	23.58	22.35	120.97	132.07	100.37	36.38	39.00	35.07	145.72
NM_020661.1	1.10	83.10	1.78	1.00	1.43	5.70	5.22	2.24	5.59	10.48	72.72	56.63
NM_032955.1	337.10	1627.55	361.18	366.13	1012.72	2584.98	3568.68	2629.25	761.24	1068.97	844.22	519.92
NM_000383.2	2.21	83.10	1.78	2.38	1.00	3.29	10.99	8.70	5.59	1.68	72.72	22.77
NM_181690.1	264.35	630.40	261.38	581.50	488.25	327.51	308.90	337.38	380.62	386.24	1089.70	619.71
NM_001627.3	281.56	131.82	518.01	306.78	278.31	209.83	212.80	111.55	406.74	495.27	37.66	158.19
NM_001140.3	10.54	214.92	4.75	4.93	1.00	891.87	831.70	420.11	13.99	17.19	213.00	44.15
NM_000698.2	23.04	3206.38	147.32	358.50	694.69	6528.36	8565.98	8319.79	404.87	555.66	668.88	2442.61
NM_001633.3	1894.93	83.10	107547.34	45003.95	4280.95	2.40	3.30	2.24	3.73	5.45	1265.04	1.78
NM_153206.2	11.10	1212.07	211.48	231.32	362.71	18195.18	20069.38	11716.22	262.14	392.95	283.13	878.09
NM_006401.2	1825.78	1295.17	694.45	1188.60	989.71	3545.61	2644.18	4840.62	795.76	852.58	563.68	1189.92
NM_000700.1	1695.82	879.69	268.51	1044.46	3206.89	7107.13	7059.10	6061.46	2611.17	2860.52	5227.75	929.76
NM_000041.2	925.80	6447.13	43133.00	14520.17	6205.20	22.51	3.30	4.22	1492.63	1969.78	5894.04	2804.34
NM_000484.3	1684.16	962.78	2852.64	2276.46	3144.81	430.77	553.00	717.50	3288.46	2691.09	4736.79	812.16
NM_000045.2	5.26	83.10	8612.58	3014.13	1.00	207.43	285.84	590.05	2.79	2.10	35.07	1.78
NM_001172.3	72.19	83.10	1.78	6.62	16.08	39.32	37.89	15.40	69.96	70.87	35.07	1.78
NM_005171.2	257.96	298.01	136.63	154.16	216.94	267.47	328.12	332.91	178.18	223.52	283.13	231.25
NM_001256090.1	418.19	83.10	329.10	413.62	507.08	733.37	679.86	692.90	555.07	699.93	493.54	537.74
NM_001131028.1	102.46	83.10	86.73	103.28	71.17	46.52	43.66	51.18	116.61	109.46	35.07	29.90
NM_004707.2	39.14	83.10	6.53	30.36	17.47	10.50	24.44	35.53	31.71	20.55	35.07	33.46
NM_198890.2	145.77	83.10	172.27	150.77	184.16	231.44	178.20	165.21	389.01	327.53	35.07	291.84
NM_004849.2	255.18	83.10	207.92	205.88	189.74	262.66	212.80	169.69	161.39	184.94	142.86	168.89
NM_001136031.2	144.39	381.11	254.25	224.53	391.30	822.23	854.76	733.15	335.84	421.47	388.34	388.06
NM_000051.3	5.54	83.10	1.78	4.93	14.68	15.30	20.60	10.93	3.73	12.16	35.07	33.46
NM_021913.2	355.71	83.10	289.90	261.84	304.82	2.40	1.92	8.70	1807.95	1684.61	809.16	140.38
NM_001187.1	14.43	83.10	8.31	4.08	2.82	2.40	14.83	35.53	1.00	3.77	35.07	1.78
NM_006399.3	14.98	83.10	4.75	17.65	18.87	72.94	97.48	78.01	10.26	22.23	107.79	158.19
NM_138761.3	562.03	2458.51	482.37	478.06	785.36	690.14	795.18	782.34	732.32	733.48	949.43	1033.11
NM_003921.2	422.91	713.49	368.31	478.06	562.18	1499.47	1683.16	1240.71	675.41	824.06	318.20	792.56
NM_000657.2	69.41	5948.55	109.90	93.11	118.60	250.66	245.47	216.64	483.24	518.76	177.93	1772.61
NM_001191.2	651.44	630.40	742.56	991.04	864.17	36250.17	21516.68	56844.75	1092.42	1169.62	1089.70	478.94
NM_001706.2	62.19	630.40	480.59	359.35	362.01	3444.74	4595.05	3295.57	807.88	792.19	668.88	552.00
NM_001196.2	7.21	83.10	17.23	8.32	14.68	44.12	60.96	44.47	7.46	15.52	35.07	4.95
NM_182962.2	116.06	3123.28	161.58	264.39	2420.87	1031.17	599.13	603.46	2086.89	2476.37	177.93	2704.55
NM_001168.2	546.48	83.10	15.44	200.79	156.26	17.70	12.91	17.64	103.55	117.84	35.07	74.44
NM_001715.2	13.87	630.40	2.97	2.38	4.92	17.70	1.92	26.58	1.00	1.68	35.07	391.63
NM_013314.2	21.65	83.10	161.58	91.41	118.60	15.30	7.14	28.82	63.43	77.58	35.07	332.82
NM_005180.5	201.87	214.92	229.30	183.84	254.60	147.39	158.98	162.98	188.44	218.49	107.79	279.36
NM_004334.2	38.03	83.10	172.27	143.14	131.15	3118.13	4764.19	3977.54	187.51	221.85	177.93	81.57
NM_004335.2	660.05	962.78	1820.77	1085.16	1030.86	579.67	618.35	529.68	849.86	874.38	633.81	425.48
NM_000061.1	39.42	1045.88	29.70	36.30	64.90	461.99	468.43	330.68	38.24	72.55	107.79	466.47
NM_181780.2	1.38	962.78	13.66	20.19	31.42	202.62	197.42	227.82	12.12	5.45	35.07	769.39
NM_015991.2	1.00	298.01	350.49	528.93	651.45	2.40	1.92	19.88	836.80	958.26	809.16	423.70
NM_000491.3	3.32	2209.23	933.26	1180.97	1586.02	20.11	22.52	22.11	1831.27	2050.30	1089.70	685.64
NM_001212.3	1953.24	630.40	706.92	685.79	1827.34	423.57	339.65	525.20	605.44	644.57	774.09	445.08
NM_001733.4	397.64	3123.28	29581.46	16178.66	4750.33	17.70	10.99	4.22	14443.11	12425.49	17747.08	2594.07
NM_001734.2	88.85	1378.26	16088.73	8573.83	6237.98	2.40	1.92	2.24	3503.02	3130.59	7612.38	1311.09
NM_000063.3	80.24	83.10	3731.24	1479.43	149.99	2.40	1.92	17.64	107.28	179.91	248.06	127.90
NM_000064.2	1094.63	1212.07	41557.56	22431.10	6880.33	2.40	5.22	2.24	4401.40	5594.80	6946.09	1904.47
NM_004054.2	5.82	83.10	56.43	98.20	205.78	303.49	326.20	431.29	194.04	299.01	213.00	76.23
NM_001002029.3	100.23	547.30	24650.22	6910.24	2681.01	226.64	95.56	71.30	4341.70	4076.69	5262.81	311.44
NM_000715.3	17.21	83.10	7512.99	3349.90	1939.63	2.40	1.92	2.24	1.00	3.77	1229.97	1.78
NM_001735.2	79.41	131.82	3986.09	1619.33	98.37	32.11	20.60	24.35	20.52	12.16	142.86	31.68
NM_001736.2	13.04	131.82	51.09	76.15	170.21	3002.85	4051.11	2316.21	122.20	148.04	213.00	124.34
NM_000065.2	2.21	83.10	8028.03	3367.71	179.28	20.11	16.75	15.40	4573.06	4829.87	37.66	10.30
NM_000587.2	1.00	1793.74	1437.61	1443.82	162.54	2.40	1.92	2.24	127.80	282.24	142.86	867.40
NM_000562.2	13.04	83.10	6190.62	2736.87	1.00	2.40	1.92	2.24	1.00	1.68	35.07	4.95
NM_000066.2	16.93	83.10	7684.07	2953.08	14.68	2.40	1.92	2.24	4.66	3.77	35.07	1.78
NM_000606.2	9.71	83.10	3613.62	1230.15	638.20	3.29	5.22	13.17	1.00	7.13	879.29	1.78
NM_001737.3	1.38	83.10	18902.76	8996.08	1.00	3.29	1.92	8.70	29.85	37.32	35.07	6.73
NM_004345.3	1.93	83.10	1.78	1.00	2.82	219.44	312.75	151.80	2.79	1.68	35.07	1.78
NM_032415.2	43.03	1045.88	40.39	64.28	64.90	286.68	201.27	364.22	152.99	124.55	37.66	614.36
NM_052813.4	11.37	83.10	22.57	66.82	33.51	41.72	47.50	100.37	32.65	45.71	248.06	29.90
NM_001223.3	61.91	131.82	83.17	100.74	236.47	1967.78	2305.90	1967.40	215.49	280.56	35.07	249.07
NM_032977.3	1.00	83.10	4.75	12.56	13.29	80.14	74.41	104.84	19.59	44.03	35.07	6.73
NM_032991.2	225.75	83.10	289.90	175.36	242.75	762.19	716.37	406.70	437.52	550.63	248.06	307.88
NM_001228.4	192.43	713.49	250.69	277.95	404.55	4614.31	3991.53	2021.07	651.16	725.09	423.41	587.64
NM_002981.1	9.43	83.10	1.78	1.00	1.43	8.10	1.92	2.24	1.00	1.68	37.66	1.78
NM_002986.2	1.00	83.10	1.78	49.02	1.00	2.40	1.92	2.24	9.32	27.26	35.07	1.78
NM_005408.2	1.10	83.10	2.97	6.62	23.05	5.70	1.92	4.22	6.52	3.77	35.07	10.30
NM_032963.3	2.49	131.82	505.54	279.65	165.33	2.40	1.92	2.24	65.30	42.36	739.02	266.89
NM_032965.3	28.31	83.10	302.37	82.93	71.17	2.40	10.99	2.24	99.81	131.26	72.72	3.17
NM_004590.2	17.21	83.10	2692.25	863.00	5.61	2.40	1.92	8.70	5.59	1.68	72.72	3.17
NM_002987.2	1.65	381.11	6.53	15.95	6.31	2.40	1.92	8.70	1.86	5.45	35.07	277.58
NM_002988.2	1.93	796.59	36.83	180.44	147.89	2.40	10.99	2.24	21.45	3.77	72.72	603.67
NM_006274.2	1.93	4702.11	416.43	1152.14	175.79	2.40	7.14	4.22	9.32	1.68	142.86	3379.89
NM_002982.3	144.94	464.21	74.25	329.67	1786.19	2.40	3.30	2.24	160.45	161.46	668.88	421.92
NM_004591.1	216.31	83.10	22.57	60.04	371.77	2.40	1.92	2.24	1376.95	1198.14	35.07	24.55
NM_002989.2	3.32	21819.91	268.51	1252.19	133.94	5.70	5.22	4.22	39.18	1.68	984.50	16416.37
NM_002990.3	1.00	83.10	4.75	1.00	5.61	2.40	5.22	2.24	2.79	1.68	35.07	115.43
NM_145898.1	1.00	83.10	1.78	4.93	7.71	44.12	47.50	2.24	1.00	1.68	35.07	8.51
NM_002991.2	1.00	83.10	1.78	1.00	1.00	2.40	1.92	2.24	1.00	1.68	35.07	1.78
NM_005624.2	1.00	83.10	1.78	1.54	1.00	2.40	5.22	4.22	1.00	2.10	107.79	1.78
NM_006072.4	15.26	83.10	1.78	5.78	4.22	2.40	1.92	2.24	6.52	1.68	35.07	10.30
NM_006664.2	3.04	83.10	2.97	1.00	1.00	2.40	7.14	4.22	1.00	1.68	35.07	1.78
NM_148672.2	1.00	83.10	1.78	3.23	12.59	2.40	1.92	2.24	4.66	13.84	35.07	1.78
NM_002983.2	9.43	131.82	61.78	97.35	103.95	3.29	32.13	35.53	65.30	65.84	35.07	86.92
NM_021006.4	14.98	83.10	35.05	83.78	117.21	34.51	20.60	66.83	61.57	79.26	35.07	102.96
NM_002984.2	1.00	131.82	13.66	44.78	84.43	63.33	60.96	95.90	82.09	101.07	35.07	183.14
NM_002985.2	14.15	1128.98	133.07	170.27	188.34	2793.92	3516.78	2975.83	152.99	292.30	177.93	817.50
NM_006273.2	1.00	83.10	1.78	5.78	1.00	12.90	1.92	2.24	1.00	3.77	35.07	1.78
NM_005623.2	1.00	83.10	1.78	10.02	25.84	2.40	1.92	10.93	15.85	7.13	35.07	3.17
NM_001760.2	221.58	1045.88	83.17	144.83	121.39	1343.37	1548.62	1048.42	168.85	144.68	177.93	347.08
NM_001295.2	51.08	464.21	19.01	55.80	70.48	1398.61	2071.41	1258.60	134.33	168.17	142.86	35.24
NM_001123041.2	34.14	83.10	45.74	48.17	76.06	1220.89	1567.84	1526.92	26.12	33.97	72.72	131.47
NM_001837.2	4.43	83.10	1.78	1.54	30.72	1160.85	1339.11	332.91	1.00	2.10	35.07	1.78
NM_005508.4	1.00	83.10	1.78	3.23	9.80	75.34	55.19	33.29	12.12	1.68	35.07	45.93
NM_000579.1	1.00	83.10	13.66	22.73	42.58	84.95	53.27	104.84	29.85	59.13	35.07	127.90
NM_031409.2	6.10	547.30	4.75	12.56	16.77	63.33	97.48	66.83	181.91	228.56	35.07	466.47
NM_001838.2	3.60	214.92	1.78	11.71	13.98	132.98	137.84	84.72	3.73	1.68	35.07	161.76
NM_031200.1	41.36	83.10	1.78	1.00	1.00	2.40	9.06	2.24	1.00	1.68	35.07	1.78
NM_003965.4	8.32	83.10	47.52	44.78	99.07	48.92	59.04	53.42	69.03	62.49	107.79	35.24
NM_000591.2	2.77	298.01	4766.68	2494.37	907.41	2248.76	3457.20	3534.82	771.50	790.51	879.29	377.37
NM_007053.2	2.77	83.10	29.70	15.10	1.00	29.71	20.60	53.42	10.26	1.68	35.07	1.78
NM_004244.4	2.77	381.11	411.08	578.11	318.07	156.99	157.06	259.12	293.86	351.01	493.54	206.31
NM_006016.4	1326.22	1461.36	2018.59	1613.40	1362.84	1775.65	1544.77	1889.15	1890.98	2640.77	984.50	1129.34
NM_005582.2	3.04	1544.46	56.43	50.71	72.57	248.25	218.57	299.37	43.84	82.62	35.07	1683.51
NM_001770.4	14.15	2458.51	11.88	14.25	13.29	44.12	34.05	95.90	5.59	3.77	37.66	1843.88
NM_001763.2	44.42	83.10	1.78	1.00	16.77	2.40	5.22	17.64	1.00	1.68	35.07	19.21
NM_001764.2	31.64	83.10	1.78	4.08	5.61	5.70	10.99	24.35	1.00	1.68	35.07	1.78
NM_001765.2	40.53	214.92	13.66	27.82	23.75	82.55	60.96	169.69	5.59	8.81	142.86	218.78
NM_001766.3	42.47	83.10	284.55	94.81	32.81	233.84	247.40	290.43	32.65	25.58	35.07	83.35
NM_001042583.1	8.60	214.92	1.78	7.47	12.59	2.40	10.99	2.24	1.00	5.45	35.07	24.55
NM_001767.3	1.00	131.82	1.78	18.49	25.84	130.58	89.79	100.37	27.05	25.58	35.07	136.81
NM_005944.5	73.85	298.01	10.10	34.60	47.46	3.29	16.75	17.64	1094.28	1011.94	107.79	257.98
NM_015717.2	1.65	381.11	1.78	7.47	20.26	2.40	3.30	2.24	2.79	1.68	35.07	22.77
NM_021155.2	1.00	83.10	8.31	15.95	31.42	2.40	1.92	6.46	12.12	7.13	35.07	156.41
NM_001771.2	7.76	6197.84	43.96	93.96	55.83	27.31	24.44	174.16	22.38	13.84	35.07	3470.77
NM_013230.2	864.43	3788.05	250.69	1199.62	3515.16	567.66	441.52	122.73	6495.76	6789.17	6490.20	924.42
NM_016382.2	3.60	83.10	35.05	13.41	37.70	634.91	606.82	386.57	27.05	40.68	35.07	44.15
NM_198053.1	68.86	464.21	24.35	39.69	59.32	839.04	618.35	943.33	51.30	65.84	35.07	366.68
NM_001242.4	1.65	2624.71	58.22	63.43	64.20	339.51	270.46	234.53	18.65	39.00	37.66	1271.89
NM_014143.3	3.88	83.10	26.14	32.91	34.91	89.75	87.87	66.83	11.19	10.48	35.07	60.19
NM_001024736.1	429.29	131.82	450.29	659.51	645.17	2.40	10.99	4.22	990.73	725.09	1335.18	135.03
NM_001243078.1	65.52	83.10	2.97	4.93	16.77	159.40	139.76	91.43	15.85	1.68	37.66	113.65
NM_001177608.1	12.76	131.82	1.78	17.65	11.89	89.75	116.70	133.91	14.92	17.19	35.07	19.21
NM_001025109.1	1.93	83.10	19.01	15.10	27.23	2.40	1.92	2.24	141.79	102.75	107.79	45.93
NM_001001548.2	21.37	131.82	919.00	422.10	632.62	2498.52	3178.51	3197.19	542.01	616.05	1405.31	238.38
NM_001774.2	4.99	2126.13	11.88	18.49	27.93	212.23	255.08	297.14	33.58	27.26	35.07	667.82
NM_001775.2	85.24	298.01	20.79	32.06	32.81	68.14	55.19	84.72	20.52	18.87	35.07	218.78
NM_000732.4	607.57	1295.17	54.65	92.26	133.25	1021.56	952.78	880.72	96.08	191.65	213.00	1391.28
NM_000733.2	144.66	630.40	40.39	46.48	83.03	752.58	633.73	717.50	55.97	75.91	72.72	546.65
NM_012099.1	78.30	83.10	54.65	44.78	87.21	2.40	9.06	17.64	51.30	60.81	318.20	37.02
NM_000073.2	79.13	83.10	2.97	21.04	27.23	293.88	241.63	223.35	15.85	22.23	35.07	218.78
NM_000616.4	10.82	381.11	131.28	214.36	230.19	594.08	466.51	748.80	235.08	247.01	142.86	566.25
NM_001250.4	67.47	1627.55	236.43	271.17	117.21	106.56	105.17	147.33	534.54	706.64	142.86	1116.86
NM_000074.2	1.00	83.10	11.88	25.28	25.14	183.41	162.83	147.33	29.85	28.94	35.07	174.23
NM_001001392.1	1573.64	4369.72	598.21	779.91	2496.19	3514.39	3549.46	5459.99	1375.08	1364.21	5508.29	2333.91
NM_172350.1	1567.53	1212.07	1617.60	1546.41	2070.05	8259.89	8658.24	4342.00	1918.03	2053.65	2001.47	1328.91
NM_001777.3	1311.51	3372.57	797.81	1597.29	1902.66	2853.96	2528.86	2072.49	1148.39	1439.69	1475.45	2563.78
NM_001778.2	11.93	547.30	51.09	80.39	98.37	1144.04	1292.99	1274.25	76.49	141.33	35.07	614.36
NM_014207.2	28.31	83.10	10.10	19.34	48.86	553.25	316.59	368.69	31.71	45.71	37.66	407.66
NM_001040033.1	174.10	5117.59	305.94	445.84	855.10	9398.23	11424.05	7181.68	634.36	854.25	248.06	4944.41
NM_000574.3	28.31	83.10	36.83	49.02	56.53	63.33	72.49	78.01	35.44	20.55	177.93	51.28
NM_001779.2	263.24	214.92	117.03	194.86	531.49	1912.54	1773.50	1258.60	449.65	564.05	318.20	484.28
NM_000611.4	1555.59	1544.46	3725.90	3626.32	6631.34	795.81	904.73	1314.50	2917.16	2952.78	10908.79	1204.18
NM_006725.3	8.60	298.01	10.10	21.04	31.42	164.20	128.23	167.45	27.05	22.23	35.07	165.32
NM_001780.4	3946.76	4369.72	8177.73	10122.10	9663.83	2839.55	4320.20	2508.51	9451.18	9521.78	19184.88	2847.10
NM_001251.2	102.46	547.30	525.14	619.66	1410.97	807.82	860.53	1032.77	2553.33	2199.59	668.88	478.94
NM_001781.1	113.29	381.11	26.14	36.30	71.87	53.73	59.04	73.54	9.32	30.61	35.07	298.97
NM_006137.6	10.54	131.82	11.88	18.49	11.89	94.55	105.17	124.97	1.86	10.48	35.07	111.86
NM_001252.2	33.87	83.10	1.78	7.47	3.52	10.50	10.99	8.70	624.10	624.44	35.07	56.63
NM_001025159.1	132.72	34201.24	3941.54	3767.92	8086.21	4376.55	3737.82	6694.24	9649.88	9664.36	8629.36	21003.02
NM_001783.3	8.04	7111.90	24.35	36.30	69.78	164.20	103.24	458.13	1.00	10.48	213.00	4910.56
NM_021602.2	5.82	17582.01	81.38	43.08	25.14	226.64	155.14	346.33	11.19	18.87	388.34	7321.49
NM_005191.3	2.21	214.92	2.97	10.86	35.60	8.10	7.14	13.17	20.52	32.29	72.72	252.64
NM_004356.3	2653.57	8773.82	13668.56	14035.17	5327.12	1401.01	1237.25	1439.72	14166.97	13403.46	19044.61	6279.07
NM_004233.3	83.29	1876.84	52.87	94.81	297.84	48.92	49.43	69.07	82.09	104.42	35.07	1168.54
NM_001184879.1	18.04	1544.46	72.47	183.84	253.21	824.63	677.93	411.17	256.54	481.85	318.20	833.54
NM_175862.3	6.65	83.10	6.53	27.82	46.07	130.58	139.76	192.05	44.77	69.20	35.07	106.52
NM_001768.5	1.65	298.01	20.79	28.67	41.18	137.78	91.71	283.72	20.52	39.00	35.07	140.38
NM_004931.3	95.79	381.11	11.88	13.41	26.54	84.95	78.26	113.79	13.99	13.84	37.66	83.35
NM_001769.2	955.23	131.82	377.22	969.84	398.28	776.60	918.19	196.52	1461.84	1109.23	2948.31	300.75
NM_005816.4	41.92	131.82	54.65	62.59	85.82	591.68	535.70	560.98	63.43	89.33	107.79	402.32
NM_078481.2	276.29	1128.98	232.87	459.40	575.43	6590.80	6640.10	3648.85	421.66	451.66	703.95	1001.04
NM_002414.3	1238.47	2126.13	2792.05	1537.94	1037.83	1713.21	1873.44	1891.38	3368.69	3068.52	5262.81	1553.43
NM_004360.2	493.72	83.10	2168.29	1119.92	806.98	128.18	95.56	413.41	60.63	52.42	388.34	154.63
NM_001795.3	7.21	381.11	133.07	171.12	94.19	2.40	14.83	6.46	478.57	351.01	528.61	131.47
NM_001786.4	1031.60	83.10	11.88	235.56	196.71	8.10	14.83	4.22	194.97	208.43	35.07	118.99
NM_000389.2	169.66	83.10	248.91	138.05	603.32	152.19	214.72	145.09	342.37	288.95	107.79	56.63
NM_001712.3	40.53	83.10	275.64	100.74	88.61	144.99	189.74	234.53	54.10	52.42	72.72	42.37
NM_002483.4	6.10	83.10	8.31	1.00	1.00	32.11	26.36	17.64	1.00	1.68	35.07	1.78
NM_001816.3	1.38	83.10	1.78	3.23	1.00	68.14	93.63	10.93	1.00	1.68	35.07	1.78
NM_005194.2	779.18	83.10	1234.44	1879.64	1436.07	4100.37	6820.77	4608.08	1239.81	1065.62	739.02	295.40
NM_001710.5	218.53	83.10	19970.28	9625.23	1865.00	2.40	7.14	2.24	2143.79	1979.84	1335.18	86.92
NM_001928.2	36.92	214.92	49.30	27.82	136.04	209.83	268.54	236.77	32.65	8.81	739.02	113.65
NM_000204.3	185.48	83.10	9414.55	4001.94	3489.35	12.90	1.92	13.17	1672.68	1797.00	3193.79	83.35
NM_002621.2	3.32	83.10	106.33	68.52	16.77	1230.50	1360.26	1200.47	3.73	1.68	35.07	161.76
NM_003465.2	2.49	83.10	22.57	43.93	50.95	22.51	26.36	2.24	11.19	15.52	72.72	17.42
NM_001278.3	201.87	214.92	232.87	325.43	245.54	555.66	604.90	391.05	166.98	193.33	248.06	184.92
NM_181640.2	527.32	214.92	193.66	229.62	1195.46	1597.94	2736.44	1453.13	418.87	465.08	598.75	311.44
NM_194448.2	8.04	83.10	70.69	63.43	143.71	875.06	1052.73	961.22	104.48	122.87	37.66	143.94
NM_203503.1	1.00	83.10	8.31	9.17	9.80	320.30	306.98	60.12	2.79	3.77	35.07	51.28
NM_013252.2	35.25	83.10	1.78	38.84	65.59	72.94	82.10	162.98	9.32	12.16	72.72	6.73
NM_001007033.1	3.88	83.10	2.97	5.78	1.00	24.91	30.21	37.76	1.00	1.68	35.07	1.78
NM_197954.2	7.76	83.10	31.48	55.80	285.29	3406.32	2680.70	1122.21	151.12	278.88	35.07	49.50
NM_001831.2	2.77	83.10	63.56	20.19	22.35	2.40	5.22	2.24	9.32	10.48	35.07	17.42
NM_001836.2	1.00	83.10	1.78	1.00	9.10	2.40	1.92	2.24	1.00	1.68	72.72	6.73
NM_004072.1	25.26	547.30	99.20	239.80	252.51	188.22	116.70	259.12	340.50	310.75	739.02	430.83
NM_000090.3	20.82	4785.21	2891.85	10074.61	8905.01	10.50	7.14	13.17	21400.66	20321.37	79502.13	4743.06
NM_130386.2	126.61	83.10	1.78	1.00	26.54	2.40	1.92	2.24	30.78	27.26	248.06	76.23
NM_000651.4	4.71	796.59	109.90	227.08	161.84	4775.21	6705.45	6365.55	48.50	54.10	107.79	1148.94
NM_001006658.1	28.59	2375.42	4.75	7.47	7.01	32.11	24.44	51.18	14.92	12.16	248.06	2214.52
NM_004379.3	157.99	1045.88	172.27	256.75	233.68	891.87	768.27	549.80	353.56	399.66	248.06	459.34
NM_182898.2	83.29	83.10	24.35	67.67	156.26	2868.37	3428.37	1839.95	559.73	522.11	213.00	29.90
NM_004380.2	6.65	83.10	36.83	30.36	14.68	22.51	35.97	28.82	22.38	27.26	35.07	31.68
NM_000567.2	1.00	83.10	12756.10	24669.56	8398.67	2.40	7.14	6.46	1.00	12.16	1826.13	1.78
NM_000757.4	51.08	83.10	104.55	90.57	126.27	195.42	126.31	53.42	269.60	272.17	353.27	161.76
NM_005211.2	1.00	214.92	26.14	32.06	55.13	29.71	37.89	51.18	72.76	102.75	37.66	63.75
NM_000758.2	8.60	83.10	1.78	1.00	3.52	2.40	1.92	2.24	1.86	2.10	35.07	1.78
NM_000395.2	42.20	3206.38	125.94	146.53	344.57	5555.72	7255.15	4375.54	120.34	132.94	774.09	951.15
NM_000759.3	1.00	83.10	1.78	1.00	1.00	2.40	3.30	2.24	1.00	3.77	35.07	1.78
NM_156038.2	18.87	83.10	56.43	78.70	593.56	15327.70	17924.39	9712.79	110.08	139.65	458.47	51.28
NM_001017417.1	180.21	83.10	1.78	455.16	4.22	17.70	16.75	46.71	3.73	8.81	35.07	1.78
NM_001327.2	1.65	381.11	1.78	7.47	4.92	17.70	32.13	22.11	8.39	15.52	142.86	10.30
NM_172241.2	1.00	83.10	1.78	1.00	1.00	2.40	1.92	4.22	1.00	1.68	35.07	1.78
NM_001269042.1	68.86	83.10	1.78	15.10	1.00	2.40	7.14	2.24	1.00	1.68	35.07	1.78
NM_005214.3	6.65	630.40	1.78	15.95	64.20	132.98	62.88	80.25	10.26	13.84	35.07	323.91
NM_001911.2	49.97	83.10	24.35	3.23	26.54	24.91	12.91	2.24	1.86	2.10	35.07	24.55
NM_004390.3	427.35	2707.80	1166.72	635.77	3109.94	1120.02	1223.79	1242.95	1257.54	1429.63	1791.06	3082.31
NM_001912.4	584.24	298.01	844.15	612.87	757.46	89.75	84.02	75.78	1095.22	1223.30	809.16	347.08
NM_004079.3	239.63	3871.15	927.91	1097.03	2812.83	39746.85	40268.09	30238.98	1426.39	1901.00	1335.18	3531.36
NM_001335.3	2.21	83.10	19.01	11.71	22.35	317.90	324.28	205.46	28.91	40.68	35.07	38.81
NM_002996.3	73.02	83.10	307.72	115.16	565.66	2.40	1.92	8.70	508.42	510.37	177.93	120.77
NM_001337.3	141.33	713.49	42.18	60.04	215.54	2042.23	1858.06	3219.55	946.89	1454.79	423.41	74.44
NM_001511.1	74.13	83.10	11.88	148.22	996.68	118.57	164.75	84.72	1339.63	2414.31	493.54	3.17
NM_001565.1	6.93	83.10	31.48	74.46	557.99	5.70	1.92	17.64	138.06	126.23	35.07	140.38
NM_005409.4	1.00	83.10	2.97	14.25	140.92	2.40	1.92	2.24	29.85	37.32	72.72	4.95
NM_000609.5	134.39	2209.23	2439.18	2295.11	372.47	2.40	1.92	2.24	1066.30	1224.98	2667.77	2200.27
NM_006419.2	1.00	2209.23	4.75	16.80	41.88	2.40	1.92	2.24	9.32	12.16	35.07	2175.32
NM_004887.4	47.75	1793.74	496.63	593.37	1019.70	2.40	1.92	2.24	4306.25	2976.26	12837.54	1537.40
NM_001100812.1	34.42	83.10	220.39	244.88	337.60	193.02	255.08	205.46	243.48	272.17	72.72	69.10
NM_002089.3	97.73	83.10	3529.86	2266.28	2591.04	2.40	9.06	2.24	653.02	1127.68	423.41	88.70
NM_002090.2	245.74	83.10	1.78	47.32	968.09	5.70	10.99	17.64	23.32	28.94	318.20	19.21
NM_002994.3	4.15	83.10	1.78	47.32	2220.70	332.31	381.94	192.05	58.77	74.23	177.93	79.79
NM_002993.3	7.49	131.82	19.01	128.72	7690.76	2.40	18.67	2.24	236.95	377.85	1966.40	6.73
NM_002416.1	6.65	1544.46	79.60	114.31	617.97	10.50	10.99	6.46	229.49	228.56	318.20	1065.19
NM_000634.2	3.04	131.82	10.10	10.86	51.65	4107.58	5548.38	2615.83	2.79	18.87	283.13	4.95
NM_001557.2	1.65	83.10	1.78	4.08	225.31	10061.06	16484.78	8073.83	2.79	3.77	72.72	6.73
NM_001504.1	3.04	131.82	33.27	29.52	35.60	152.19	170.52	180.87	30.78	45.71	35.07	147.50
NM_003467.2	495.38	2957.09	81.38	338.15	2187.92	3665.69	4275.99	2005.42	2983.40	3568.41	528.61	2194.92
NM_001716.3	1.38	1045.88	1.78	1.54	4.22	22.51	22.52	24.35	1.00	2.10	35.07	464.68
NM_006564.1	1.65	214.92	11.88	24.43	34.91	44.12	28.28	53.42	27.05	69.20	35.07	142.16
NM_000397.3	139.67	2209.23	298.81	431.42	725.38	3259.82	3388.01	3769.59	715.53	993.49	493.54	1421.57
NM_001037332.2	236.86	879.69	314.85	216.06	235.07	1256.91	1233.40	1292.14	567.20	538.89	72.72	833.54
NM_015247.1	121.06	1295.17	418.21	305.93	407.34	1657.98	1467.89	1182.58	380.62	424.82	844.22	887.00
NM_018665.2	15.26	83.10	1.78	5.78	9.10	3.29	1.92	8.70	6.52	8.81	35.07	6.73
NM_014314.3	33.31	214.92	134.85	144.83	193.23	932.70	764.43	290.43	264.00	309.07	37.66	174.23
NM_005218.3	1.00	83.10	174.06	60.89	298.54	2.40	1.92	8.70	27.05	37.32	72.72	1.78
NM_007329.2	4.15	131.82	68.91	4.08	3.52	8.10	9.06	4.22	48.50	57.45	37.66	8.51
NM_001130048.1	138.00	381.11	156.23	320.35	184.86	267.47	170.52	216.64	389.01	391.27	493.54	475.38
NM_001935.3	12.21	83.10	143.76	49.87	47.46	89.75	49.43	28.82	71.83	114.49	107.79	13.86
NM_057158.2	482.33	83.10	4.75	40.54	42.58	17.70	3.30	17.64	96.08	106.10	37.66	56.63
NM_001946.2	360.43	879.69	854.84	530.63	273.43	2837.15	2375.09	2454.84	388.08	403.01	283.13	395.19
NM_005755.2	1.00	83.10	1.78	15.10	8.40	2.40	1.92	2.24	17.72	13.84	35.07	31.68
NM_001142464.2	158.55	83.10	297.02	171.96	151.38	257.86	237.79	583.34	204.30	176.55	72.72	138.59
NM_001964.2	217.97	83.10	106.33	132.11	220.43	24.91	10.99	2.24	85.82	62.49	248.06	56.63
NM_000399.3	13.04	83.10	1.78	26.13	62.11	2.40	14.83	10.93	26.12	33.97	35.07	113.65
NM_001972.2	5.82	83.10	1.78	4.08	2.82	12.90	14.83	4.22	1.00	10.48	72.72	1.78
NM_005229.3	59.97	83.10	109.90	82.09	77.45	32.11	24.44	26.58	81.16	109.46	35.07	45.93
NM_001114753.1	255.46	381.11	910.09	1037.67	465.23	56.13	72.49	78.01	983.27	760.32	1791.06	470.03
NM_001098175.1	2.21	464.21	42.18	65.98	115.11	901.48	985.46	574.40	147.39	127.91	248.06	249.07
NM_005442.2	1.00	214.92	4.75	12.56	13.98	32.11	35.97	62.36	3.73	3.77	142.86	61.97
NM_001429.2	294.34	879.69	567.91	389.88	355.03	1355.38	1398.70	1298.85	709.00	792.19	633.81	813.94
NM_002354.1	377.09	83.10	17.23	734.97	4.22	10.50	10.99	2.24	12.12	15.52	35.07	1.78
NM_005238.3	424.02	2790.90	338.01	381.40	533.58	1850.10	1558.23	1983.06	1514.09	1649.38	668.88	2544.18
NM_013986.3	680.60	2458.51	876.23	651.03	801.40	1050.38	898.97	882.96	843.33	775.41	1019.56	1002.82
NM_000505.3	23.04	83.10	2537.20	593.37	1.00	2.40	10.99	2.24	5.59	13.84	35.07	1.78
NM_000129.3	4.43	298.01	38.61	320.35	864.17	3941.87	5373.47	2568.88	889.05	1583.96	1756.00	361.33
NM_005242.3	16.93	83.10	20.79	54.11	16.08	70.54	103.24	64.60	203.37	223.52	35.07	1.78
NM_003824.2	24.43	83.10	20.79	22.73	25.14	39.32	47.50	28.82	26.12	22.23	35.07	19.21
NM_000043.3	5.54	83.10	19.01	26.13	34.21	169.00	191.66	64.60	24.25	42.36	35.07	35.24
NM_002001.2	1.00	83.10	4.75	24.43	72.57	1266.52	1377.56	518.50	37.31	47.39	107.79	13.86
NM_004106.1	12.48	962.78	291.68	411.07	774.90	2006.20	2988.22	2776.82	522.42	659.67	879.29	338.17
NM_002002.4	23.31	2873.99	4.75	5.78	1.43	48.92	7.14	71.30	1.86	1.68	35.07	2175.32
NM_000566.3	2.49	83.10	1.78	10.02	27.93	394.75	512.64	388.81	31.71	49.07	35.07	1.78
NM_021642.3	65.80	381.11	161.58	327.13	1007.84	20109.23	29758.38	17245.77	762.17	1141.10	1265.04	143.94
NM_001002273.1	3.88	5616.17	197.22	182.99	237.17	694.95	1060.42	160.74	92.35	148.04	353.27	3688.16
NM_000569.6	3.60	131.82	234.65	318.65	816.74	17998.25	26191.07	10224.83	1333.10	1793.64	248.06	28.11
NM_005103.4	241.58	83.10	181.18	127.03	48.86	2.40	1.92	46.71	91.42	91.00	248.06	104.74
NM_004119.1	1.00	83.10	1.78	3.23	9.80	12.90	18.67	26.58	1.00	1.68	35.07	37.02
NM_001459.3	37.20	464.21	108.12	81.24	59.32	541.25	439.60	426.82	125.94	94.36	213.00	284.71
NM_212482.1	6941.62	2292.32	17468.12	13974.96	32917.35	2.40	1.92	2.24	6181.37	4762.78	21183.77	1622.93
NM_005252.2	1245.69	83.10	42.18	260.15	2398.55	1487.46	1448.67	677.25	287.33	267.14	1475.45	53.06
NM_001454.3	2.77	83.10	1.78	141.44	2.13	2.40	1.92	2.24	1.00	1.68	35.07	1.78
NM_014009.3	1.38	83.10	6.53	15.10	31.42	29.71	26.36	28.82	5.59	13.84	35.07	83.35
NM_001462.3	3.04	83.10	1.78	10.86	75.36	3106.12	4543.15	2859.55	4.66	8.81	35.07	1.78
NM_002034.2	8.87	83.10	1.78	10.86	8.40	58.53	14.83	75.78	2.79	1.68	35.07	1.78
NM_004479.3	4.15	131.82	1.78	5.78	6.31	195.42	454.98	411.17	1.86	5.45	107.79	44.15
NM_002037.3	193.81	1959.94	177.62	165.18	181.37	1043.17	960.47	1200.47	354.50	332.56	493.54	903.03
NM_001040663.2	14.43	83.10	4.75	2.38	6.31	34.51	30.21	42.24	13.05	5.45	37.66	3.17
NM_001002295.1	52.75	131.82	1.78	4.93	6.31	12.90	10.99	24.35	1.86	3.77	107.79	8.51
NM_006433.2	1.38	83.10	17.23	12.56	8.40	334.71	266.62	2405.65	52.24	35.65	37.66	42.37
NM_000175.2	1499.22	962.78	1099.00	1060.57	1012.03	365.93	414.61	344.09	2609.31	2328.76	844.22	503.89
NM_004951.3	9.71	298.01	6.53	55.80	151.38	834.24	629.88	366.45	81.16	106.10	35.07	368.46
NM_001520.3	302.95	381.11	297.02	264.39	228.80	149.79	147.45	151.80	327.44	329.20	177.93	249.07
NM_006144.2	11.10	464.21	106.33	94.81	141.62	678.14	618.35	1093.14	151.12	241.98	318.20	573.38
NM_004131.3	2.77	83.10	15.44	38.00	87.21	622.90	566.46	1424.06	15.85	25.58	35.07	152.85
NM_033423.3	1.00	83.10	13.66	19.34	23.05	205.03	207.03	558.74	35.44	44.03	72.72	22.77
NM_002104.2	1.00	1627.55	47.52	72.76	95.58	327.51	287.76	196.52	32.65	77.58	35.07	1011.73
NM_005317.2	8.60	298.01	15.44	13.41	5.61	80.14	35.97	109.32	12.12	5.45	35.07	63.75
NM_021175.2	28.87	131.82	1503.55	1348.01	8.40	2.40	1.92	2.24	9.32	12.16	35.07	3.17
NM_032782.3	74.69	83.10	38.61	87.17	169.51	289.08	289.68	306.08	180.04	277.20	72.72	159.98
NM_002110.2	10.82	214.92	95.64	165.18	295.05	4717.57	6138.45	4042.38	160.45	137.97	177.93	291.84
NM_002112.3	3.04	83.10	19.01	13.41	14.68	334.71	245.47	82.48	7.46	5.45	72.72	37.02
NM_002116.5	1362.04	15172.22	3107.49	3109.10	8747.39	17782.11	21741.55	10490.91	7413.73	7398.09	6244.72	10211.75
NM_005514.6	634.78	17997.49	2118.39	2643.60	7681.69	14828.18	18898.86	13156.18	6923.96	7270.60	6665.54	9782.31
NM_002117.4	364.04	10435.74	3114.62	2303.59	2514.32	2853.96	3603.28	6141.96	2214.69	2317.01	3439.27	4584.47
NM_006120.3	23.31	3289.47	532.27	388.18	776.29	397.15	283.92	520.73	829.34	911.29	844.22	1856.36
NM_002118.3	12.48	3040.19	161.58	290.67	490.34	860.65	581.83	1079.72	572.79	859.29	774.09	2440.83
NM_002120.3	20.26	1710.65	13.66	38.00	78.15	46.52	68.65	91.43	69.03	121.20	213.00	1516.01
NM_033554.2	44.97	3123.28	1079.39	1257.28	3308.02	2217.54	1558.23	3154.70	5672.94	7362.86	2211.88	3752.31
NM_002121.4	61.08	3455.67	1002.76	1213.19	3052.05	2097.46	1806.17	3496.81	4418.20	6166.82	1580.65	5165.37
NM_002122.3	1.10	83.10	580.39	914.73	1.00	863.06	627.96	2289.38	4830.54	5562.93	35.07	1.78
NM_002123.3	1.65	83.10	43.96	86.33	1.00	440.38	324.28	947.80	1142.79	1152.85	35.07	1.78
NM_019111.3	136.06	29963.33	2847.29	4582.75	11974.47	10925.63	8512.16	13733.06	17525.40	20973.91	9576.20	31049.44
NM_002124.3	41.92	6447.13	3087.89	3271.90	3718.81	2611.40	2000.30	8415.93	9082.68	11153.96	3088.59	3848.54
NM_022555.3	20.82	15753.90	4410.25	2511.33	3739.04	1732.42	1362.18	2814.84	5036.71	6121.53	6349.93	6856.41
NM_021983.4	2.49	3538.76	1.78	1.54	681.44	2.40	1.92	4.22	1.00	2.10	1019.56	3228.43
NM_005516.4	355.43	7610.47	1852.85	1547.26	2773.08	14979.48	17541.90	8775.92	2646.62	2801.81	2176.81	4684.25
NM_002127.4	453.73	879.69	423.56	573.02	1484.20	4119.58	4879.51	2727.63	859.19	830.77	563.68	1603.33
NM_002128.4	1927.14	2790.90	1268.30	1346.31	1445.14	1477.86	1685.08	1175.87	1641.89	1875.84	1685.86	1605.11
NM_014485.2	1.00	381.11	1.78	7.47	59.32	10.50	9.06	13.17	42.91	80.94	37.66	28.11
NM_005343.2	55.53	83.10	42.18	142.29	37.70	5.70	26.36	15.40	73.69	45.71	283.13	47.72
NM_181755.1	3.32	83.10	4337.18	1460.78	19.56	8.10	18.67	2.24	11.19	18.87	35.07	8.51
NM_000201.2	221.03	796.59	225.74	472.12	1810.60	241.05	278.15	221.11	1037.38	1265.24	213.00	400.53
NM_000873.3	48.58	298.01	35.05	49.87	60.01	339.51	303.14	308.32	99.81	91.00	177.93	318.57
NM_002162.3	269.90	1378.26	847.71	327.98	292.26	7364.10	9113.76	4426.97	189.37	176.55	318.20	924.42
NM_001039132.1	25.26	83.10	2.97	9.17	13.98	58.53	49.43	122.73	1.00	3.77	35.07	6.73
NM_012092.2	1.00	83.10	1.78	9.17	21.66	135.38	109.01	66.83	8.39	12.16	35.07	184.92
NM_015259.4	51.92	464.21	120.59	114.31	54.44	39.32	30.21	62.36	81.16	67.52	107.79	587.64
NM_002164.3	30.53	131.82	10.10	28.67	37.00	680.54	649.10	147.33	7.46	8.81	72.72	154.63
NM_005531.1	489.55	796.59	261.38	344.09	1296.58	1268.92	1752.35	1582.82	1167.98	1335.69	809.16	888.78
NM_005532.3	30.53	214.92	414.65	1252.19	239.26	637.31	324.28	558.74	602.65	518.76	1440.38	290.06
NM_005533.3	48.31	131.82	145.54	81.24	158.35	193.02	201.27	205.46	129.67	104.42	142.86	83.35
NM_022168.2	31.64	131.82	141.98	135.50	200.20	308.29	193.58	180.87	142.73	156.42	35.07	217.00
NM_001548.3	24.15	83.10	355.84	140.59	60.01	1019.16	837.46	178.63	99.81	84.29	213.00	12.08
NM_001547.4	23.04	131.82	247.12	89.72	99.77	4438.99	4325.96	236.77	65.30	60.81	72.72	29.90
NM_003641.3	767.52	630.40	626.72	948.64	505.68	8226.27	10447.66	7143.67	1187.57	1176.33	2352.15	1350.29
NM_006435.2	424.29	713.49	2162.95	1938.15	2921.63	21019.42	40794.72	24619.99	1094.28	1082.39	3684.75	981.44
NM_024013.1	1.00	83.10	1.78	1.00	1.00	2.40	3.30	6.46	1.00	1.68	35.07	1.78
NM_021268.2	2.77	83.10	1.78	1.00	1.00	36.92	12.91	17.64	2.79	7.13	35.07	3.17
NM_000605.3	1.00	83.10	1.78	1.00	4.22	2.40	3.30	8.70	1.86	1.68	35.07	1.78
NM_021057.2	5.54	214.92	4.75	3.23	1.00	2.40	7.14	19.88	2.79	7.13	35.07	1.78
NM_002170.3	1.00	83.10	1.78	1.00	1.00	8.10	1.92	2.24	1.00	1.68	35.07	1.78
NM_000629.2	42.47	547.30	231.08	112.61	101.16	351.52	451.13	321.73	109.14	131.26	37.66	95.83
NM_000874.3	334.60	1045.88	690.88	518.76	968.09	2793.92	3236.17	1971.88	539.21	641.22	949.43	813.94
NM_002176.2	1.00	83.10	1.78	1.00	1.00	2.40	1.92	2.24	1.00	1.68	35.07	1.78
NM_000619.2	1.93	83.10	1.78	3.23	7.01	5.70	26.36	33.29	11.19	7.13	37.66	31.68
NM_000416.1	277.95	1876.84	564.35	627.29	1447.93	3180.57	3703.22	2629.25	1105.48	1375.95	1440.38	1054.50
NM_172140.1	10.26	3871.15	84.95	36.30	16.77	96.96	64.80	78.01	30.78	57.45	1229.97	81.57
NM_172138.1	3.32	83.10	2.97	1.00	2.82	2.40	9.06	2.24	1.86	1.68	35.07	1.78
NM_000875.2	483.44	547.30	109.90	158.40	99.07	582.07	701.00	659.36	460.85	465.08	423.41	225.91
NM_000876.1	233.25	83.10	551.87	434.81	338.30	1446.64	1592.82	1061.84	358.23	332.56	528.61	188.49
NM_020070.2	1.00	83.10	1.78	1.00	1.00	2.40	7.14	6.46	1.00	2.10	35.07	1.78
NM_001556.1	61.64	547.30	129.50	140.59	128.36	178.61	189.74	160.74	134.33	156.42	318.20	217.00
NM_014002.2	51.64	547.30	60.00	275.41	214.15	265.07	232.02	283.72	100.75	89.33	318.20	528.83
NM_003639.2	92.74	547.30	272.07	242.34	136.73	368.33	456.90	292.66	163.25	114.49	177.93	284.71
NM_000572.2	1.00	83.10	1.78	6.62	11.19	5.70	5.22	2.24	1.00	1.68	37.66	24.55
NM_001558.2	38.86	2126.13	238.21	265.23	394.79	2412.07	1923.41	2392.24	387.15	367.79	598.75	1074.10
NM_000641.2	11.93	83.10	6.53	4.08	1.43	2.40	1.92	2.24	1.00	1.68	35.07	1.78
NM_147162.1	14.71	83.10	213.26	81.24	22.35	46.52	45.58	48.94	32.65	13.84	142.86	70.88
NM_000882.2	8.04	630.40	1.78	7.47	11.89	8.10	18.67	28.82	1.00	2.10	37.66	6.73
NM_002187.2	1.65	83.10	1.78	1.00	1.00	2.40	12.91	2.24	3.73	1.68	37.66	1.78
NM_005535.1	2.77	879.69	17.23	19.34	29.33	84.95	89.79	104.84	36.38	30.61	142.86	195.61
NM_001559.2	4.15	214.92	4.75	7.47	17.47	15.30	18.67	42.24	1.00	13.84	213.00	81.57
NM_002188.2	1.00	547.30	1.78	3.23	1.00	2.40	3.30	8.70	5.59	1.68	37.66	3.17
NM_001560.2	407.36	131.82	2358.98	1442.12	1104.09	1895.73	1790.79	1046.19	1118.54	1243.43	1194.91	368.46
NM_000640.2	2.49	83.10	24.35	16.80	4.22	2.40	1.92	2.24	4.66	1.68	35.07	1.78
NM_172174.1	8.32	131.82	22.57	21.89	40.49	32.11	41.74	75.78	77.42	126.23	35.07	61.97
NM_002189.2	39.70	131.82	102.77	164.33	354.34	272.27	272.38	603.46	160.45	137.97	107.79	183.14
NM_004513.4	42.20	3040.19	191.88	168.57	205.78	4563.87	4304.82	2808.13	239.75	213.46	248.06	2289.36
NM_002190.2	1.00	83.10	1.78	1.54	1.00	2.40	1.92	2.24	1.00	5.45	35.07	1.78
NM_014443.2	1.00	83.10	1.78	1.00	1.00	2.40	5.22	2.24	3.73	2.10	37.66	1.78
NM_052872.3	1.00	83.10	1.78	2.38	27.23	2.40	1.92	10.93	14.92	2.10	35.07	1.78
NM_014339.6	38.59	83.10	97.42	104.98	116.51	1597.94	1746.59	1553.75	142.73	137.97	107.79	159.98
NM_018725.3	23.31	83.10	304.15	110.07	272.74	2.40	1.92	2.24	561.60	491.92	72.72	1.78
NM_001562.2	30.53	381.11	111.68	107.52	666.79	44.12	64.80	46.71	225.76	327.53	35.07	366.68
NM_003855.2	3.60	83.10	108.12	65.98	70.48	281.88	358.87	417.88	167.92	156.42	35.07	42.37
NM_003853.2	1.10	83.10	6.53	8.32	14.68	978.33	1554.38	1055.13	23.32	30.61	37.66	1.78
NM_013371.3	1.00	83.10	1.78	1.00	1.00	2.40	1.92	2.24	1.00	1.68	35.07	1.78
NM_000575.3	8.04	83.10	1.78	1.00	2.82	2.40	1.92	2.24	1.86	1.68	35.07	1.78
NM_000576.2	7.49	83.10	1.78	13.41	95.58	298.69	599.13	612.41	29.85	32.29	35.07	35.24
NM_000877.2	42.47	83.10	555.44	515.37	392.70	87.35	93.63	48.94	277.06	258.75	598.75	111.86
NM_173343.1	3.04	83.10	52.87	19.34	170.21	658.92	766.35	431.29	254.68	263.78	72.72	3.17
NM_002182.2	133.00	83.10	774.64	557.76	282.50	1141.64	947.02	558.74	99.81	77.58	107.79	58.41
NM_017416.1	5.54	83.10	15.44	10.02	5.61	5.70	18.67	10.93	9.32	25.58	37.66	8.51
NM_016232.4	2.21	83.10	20.79	13.41	16.08	269.87	280.07	78.01	10.26	3.77	35.07	12.08
NM_003854.2	1.00	83.10	20.79	16.80	66.99	2.40	7.14	8.70	19.59	32.29	35.07	1.78
NM_000577.3	18.04	83.10	109.90	65.98	26.54	339.51	526.09	355.27	1.00	1.68	37.66	1.78
NM_000586.2	1.00	83.10	1.78	1.00	1.00	2.40	3.30	2.24	1.86	2.10	35.07	1.78
NM_021803.2	1.00	83.10	1.78	1.00	1.00	2.40	1.92	2.24	1.00	1.68	35.07	63.75
NM_021798.2	11.65	298.01	2.97	11.71	22.35	36.92	43.66	42.24	11.19	22.23	35.07	252.64
NM_020525.4	1.10	83.10	1.78	1.00	1.00	2.40	1.92	10.93	1.00	1.68	35.07	1.78
NM_021258.2	13.87	83.10	67.13	31.21	1.00	2.40	1.92	2.24	267.74	302.36	35.07	1.78
NM_181310.1	1.93	131.82	1.78	4.93	1.00	2.40	5.22	8.70	1.00	1.68	35.07	22.77
NM_016584.2	11.10	83.10	1.78	16.80	1.00	34.51	34.05	26.58	1.00	7.13	37.66	24.55
NM_144701.2	1.10	83.10	1.78	4.93	1.00	2.40	10.99	2.24	3.73	3.77	35.07	1.78
NM_181339.1	4.99	83.10	1.78	1.54	1.00	46.52	64.80	40.00	1.00	1.68	35.07	1.78
NM_022789.2	1.00	83.10	1.78	5.78	2.13	2.40	9.06	2.24	1.00	2.10	35.07	1.78
NM_018402.1	2.77	83.10	6.53	3.23	4.92	3.29	10.99	8.70	9.32	10.48	107.79	4.95
NM_145659.3	2.77	83.10	113.46	26.13	2.82	8.10	20.60	35.53	1.00	1.68	35.07	1.78
NM_000417.1	2.49	83.10	1.78	19.34	47.46	161.80	182.05	73.54	27.05	49.07	35.07	320.35
NM_000878.2	5.26	1627.55	108.12	88.02	92.79	361.13	237.79	547.56	94.22	87.65	107.79	430.83
NM_000206.1	227.69	2790.90	77.82	120.24	218.33	2039.82	2109.85	2213.36	123.14	158.10	213.00	1940.11
NM_000588.3	1.00	83.10	1.78	1.00	1.00	2.40	1.92	2.24	1.00	1.68	35.07	1.78
NM_001012633.1	291.28	879.69	1665.72	1590.51	5569.13	2099.86	2102.16	1670.02	3254.87	3232.92	2492.43	1049.15
NM_152456.1	3.32	83.10	17.23	36.30	23.05	3.29	14.83	4.22	36.38	42.36	353.27	28.11
NM_002183.2	8.04	131.82	1.78	9.17	29.33	144.99	93.63	86.96	73.69	75.91	107.79	151.07
NM_000589.2	1.93	83.10	1.78	5.78	3.52	17.70	20.60	2.24	2.79	1.68	35.07	1.78
NM_000418.2	136.33	3040.19	557.22	461.10	433.85	1343.37	2192.50	3105.51	337.70	297.33	458.47	2729.50
NM_000879.2	1.00	83.10	1.78	1.00	1.00	2.40	1.92	2.24	1.00	1.68	35.07	1.78
NM_000564.3	4.99	83.10	6.53	9.17	7.71	334.71	178.20	40.00	2.79	8.81	35.07	1.78
NM_000600.1	50.81	83.10	1.78	1.00	32.81	2.40	1.92	2.24	24.25	50.74	35.07	28.11
NM_000565.2	58.58	298.01	1213.05	461.10	184.16	3158.96	3662.86	2025.54	255.61	243.65	177.93	375.59
NM_002184.2	1752.20	3538.76	4770.24	3736.55	2507.35	959.12	964.32	1086.43	3375.22	3565.06	4806.93	2553.09
NM_000880.2	4.43	83.10	24.35	20.19	35.60	2.40	14.83	15.40	39.18	60.81	35.07	97.61
NM_002185.2	28.87	1378.26	72.47	199.10	161.84	3401.51	2250.16	2175.35	51.30	101.07	37.66	755.14
NM_000584.2	1156.83	131.82	17.23	284.74	7166.28	171.40	132.07	19.88	56.90	104.42	1720.93	1.78
NM_000590.1	1.00	83.10	1.78	1.00	1.00	2.40	1.92	2.24	1.00	1.68	35.07	1.78
NM_001137673.1	1545.87	1045.88	664.15	1421.77	1173.14	766.99	668.32	952.27	962.74	879.42	914.36	1252.29
NM_005541.3	97.46	1710.65	76.04	107.52	214.85	1446.64	1389.09	2000.94	326.51	381.21	72.72	1407.32
NM_001569.3	512.32	962.78	248.91	510.28	1060.15	377.94	316.59	391.05	316.25	287.27	1089.70	354.21
NM_001570.3	83.02	214.92	129.50	110.07	247.63	36.92	57.11	109.32	121.27	89.33	35.07	106.52
NM_016123.1	82.74	298.01	134.85	133.81	130.46	392.35	433.83	379.87	152.99	200.04	177.93	295.40
NM_002198.1	86.35	131.82	117.03	135.50	337.60	2827.54	2849.84	1947.28	174.45	183.26	283.13	457.56
NM_002199.3	129.67	630.40	300.59	216.90	279.71	1703.60	2052.19	1636.48	317.18	381.21	283.13	484.28
NM_001571.5	40.25	381.11	150.89	73.61	66.99	58.53	64.80	102.61	52.24	57.45	142.86	92.26
NM_002460.1	285.73	1461.36	93.86	76.15	37.00	101.76	89.79	198.75	14.92	20.55	35.07	576.94
NM_002200.3	21.09	214.92	65.34	65.13	58.62	190.62	122.46	178.63	52.24	57.45	213.00	85.14
NM_001572.3	25.81	879.69	302.37	170.27	110.23	301.09	345.42	252.42	392.74	433.21	142.86	350.64
NM_002163.2	11.10	2292.32	188.31	157.55	419.20	337.11	251.24	377.63	139.00	164.81	72.72	1799.34
NM_001145805.1	1.38	83.10	1.78	1.00	2.82	2.40	1.92	2.24	1.00	2.10	35.07	3.17
NM_005101.3	128.28	83.10	191.88	202.49	193.92	1081.60	1000.84	223.35	197.77	164.81	283.13	95.83
NM_002201.4	81.07	464.21	54.65	64.28	76.75	771.80	779.80	391.05	83.02	84.29	72.72	396.97
NM_001257138.1	698.37	879.69	2006.11	1072.44	553.11	1823.68	1721.60	1466.55	918.90	1120.97	703.95	846.01
NM_181501.1	154.94	214.92	2072.05	1184.36	431.75	70.54	64.80	89.19	1957.21	2144.23	1159.84	233.03
NM_002203.2	169.10	131.82	1.78	60.89	111.63	2.40	20.60	22.11	310.65	215.14	458.47	40.59
NM_000419.3	11.93	83.10	1.78	15.10	1.00	949.51	1254.54	802.46	1.00	2.10	35.07	1.78
NM_000885.4	233.80	962.78	54.65	84.63	105.35	1316.95	975.85	985.81	128.73	141.33	177.93	707.02
NM_002205.2	793.62	131.82	523.36	452.62	507.08	1900.53	1813.86	1198.23	6199.10	4880.20	1826.13	331.04
NM_000210.1	265.74	83.10	93.86	170.27	342.48	272.27	274.31	151.80	438.46	283.91	493.54	129.68
NM_002208.4	174.10	131.82	43.96	67.67	154.17	106.56	91.71	107.08	137.13	186.62	213.00	154.63
NM_002209.2	24.98	3123.28	318.41	190.62	210.66	1461.05	1416.00	1822.07	132.47	159.78	248.06	1259.42
NM_000632.3	9.15	131.82	38.61	90.57	251.81	1996.60	2438.52	2928.87	140.86	161.46	283.13	197.40
NM_000887.3	31.64	1544.46	165.14	272.02	620.76	6175.33	6380.62	4527.59	217.36	171.52	283.13	1286.15
NM_033666.2	2373.38	1876.84	2145.12	2933.58	5127.65	3094.11	2890.20	2488.38	5394.01	5430.41	5788.84	1305.75
NM_000211.2	96.90	2375.42	245.34	427.18	756.76	7361.70	7537.69	8427.11	548.54	594.25	914.36	1722.71
NM_000212.2	40.25	83.10	65.34	84.63	426.87	851.05	1171.90	739.86	367.56	297.33	318.20	8.51
NM_001005731.1	178.54	83.10	36.83	451.77	404.55	20.11	20.60	2.24	262.14	299.01	844.22	172.45
NM_005546.3	36.37	83.10	31.48	47.32	50.25	690.14	570.30	536.38	35.44	60.81	107.79	400.53
NM_002227.1	261.57	1793.74	772.86	718.01	1023.19	2222.34	2190.58	1810.89	1157.72	1169.62	1405.31	1533.83
NM_004972.2	147.72	1045.88	320.19	245.73	309.70	2599.39	2436.60	2253.61	341.43	387.92	809.16	997.48
NM_000215.2	32.20	381.11	51.09	138.05	189.74	1175.26	1244.93	1238.48	259.34	260.43	283.13	1170.32
NM_032801.3	163.82	83.10	68.91	106.68	86.52	178.61	272.38	142.85	337.70	255.40	528.61	131.47
NM_013289.2	2.21	83.10	1.78	6.62	11.19	5.70	5.22	6.46	2.79	15.52	35.07	1.78
NM_006737.2	1.00	83.10	1.78	1.00	1.00	12.90	5.22	2.24	1.00	1.68	35.07	1.78
NM_153443.3	3.04	214.92	1.78	1.00	1.00	3.29	10.99	26.58	4.66	1.68	35.07	1.78
NM_001083539.1	1.10	83.10	1.78	1.00	1.00	22.51	26.36	19.88	1.86	12.16	35.07	1.78
NM_014512.1	1.38	83.10	2.97	2.38	3.52	36.92	32.13	31.06	1.00	1.68	35.07	1.78
NM_014218.2	1.00	83.10	1.78	1.00	4.22	15.30	28.28	8.70	4.66	3.77	35.07	1.78
NM_014511.3	1.00	83.10	1.78	5.78	10.50	22.51	24.44	15.40	2.79	1.68	35.07	1.78
NM_000222.2	23.59	83.10	51.09	32.06	20.96	5.70	9.06	4.22	27.05	12.16	37.66	24.55
NM_002258.2	1.00	298.01	68.91	70.22	48.86	430.77	258.93	516.26	84.89	106.10	37.66	274.02
NM_002259.3	3.32	214.92	20.79	12.56	13.29	70.54	35.97	86.96	18.65	23.90	35.07	8.51
NM_002260.3	129.39	83.10	20.79	9.17	7.01	60.93	32.13	109.32	19.59	22.23	35.07	1.78
NM_002262.3	1.00	83.10	26.14	14.25	4.22	193.02	112.85	384.34	19.59	23.90	35.07	4.95
NM_016523.1	4.71	83.10	17.23	18.49	3.52	164.20	134.00	350.80	13.05	17.19	37.66	29.90
NM_005810.3	1.00	131.82	11.88	15.95	32.12	255.46	147.45	366.45	3.73	10.48	35.07	122.56
NM_007360.3	366.54	214.92	79.60	65.98	62.11	584.47	428.07	836.00	75.56	92.68	37.66	286.49
NM_002286.5	11.37	298.01	63.56	26.13	53.74	32.11	28.28	46.71	45.71	44.03	142.86	167.10
NM_002288.3	20.82	83.10	22.57	39.69	71.87	166.60	93.63	147.33	54.10	89.33	107.79	127.90
NM_005561.3	1037.71	2375.42	4944.89	2811.48	2301.60	1617.15	1948.40	1936.10	1659.62	1600.73	3299.00	1633.62
NM_001122606.1	317.94	83.10	1925.92	1040.22	1309.84	1254.51	1464.05	1010.41	1054.17	1129.36	1826.13	274.02
NM_014398.3	14.98	83.10	1.78	24.43	30.02	5.70	12.91	2.24	12.12	12.16	35.07	60.19
NM_001014987.1	68.86	630.40	99.20	73.61	57.92	260.26	299.29	252.42	217.36	211.78	318.20	395.19
NM_004139.2	5.82	83.10	4453.02	3427.06	2770.29	3.29	7.14	2.24	2293.06	2597.15	1615.72	4.95
NM_005356.2	216.31	713.49	31.48	41.39	50.95	495.62	424.22	536.38	52.24	55.78	35.07	573.38
NM_005564.3	7.49	83.10	27.92	1374.29	5622.84	212.23	255.08	102.61	1.00	1.68	3544.47	1.78
NM_002298.4	650.05	4452.82	332.67	379.70	2166.30	11252.24	14049.56	12360.18	345.17	478.50	739.02	3296.14
NM_001177388.1	1565.59	131.82	170.49	600.16	1491.87	4988.95	3024.74	8062.65	2890.11	2900.78	1545.59	338.17
NM_002308.3	28.59	214.92	83.17	157.55	370.38	610.89	645.26	493.90	139.93	144.68	248.06	274.02
NM_002309.3	138.00	83.10	4.75	53.26	149.29	2.40	1.92	2.24	435.66	419.79	142.86	20.99
NM_006863.1	1.00	464.21	13.66	13.41	18.17	512.43	660.63	493.90	14.92	17.19	72.72	15.64
NM_012276.3	1.00	83.10	1.78	8.32	4.22	46.52	20.60	57.89	1.86	1.68	35.07	22.77
NM_181879.2	1.00	83.10	10.10	17.65	43.97	1297.74	1994.53	1998.71	4.66	1.68	35.07	4.95
NM_001081637.1	2.77	131.82	19.01	52.41	79.54	445.18	597.21	583.34	138.06	141.33	37.66	370.24
NM_005874.1	7.76	83.10	47.52	43.08	68.38	1026.36	1223.79	996.99	28.91	37.32	283.13	61.97
NM_006864.2	1.00	83.10	19.01	19.34	60.01	1199.28	1502.49	950.04	7.46	2.10	72.72	6.73
NM_002332.2	267.96	83.10	2718.98	1883.88	875.33	164.20	195.50	426.82	2551.47	2088.88	4912.13	302.53
NM_001099660.1	11.10	83.10	49.30	13.41	18.17	17.70	12.91	15.40	11.19	7.13	177.93	6.73
NM_007161.3	21.37	298.01	113.46	133.81	389.21	3653.68	4441.29	2159.70	161.39	252.04	37.66	261.55
NM_000595.2	2.21	630.40	1.78	18.49	9.10	65.74	62.88	60.12	8.39	1.68	35.07	270.46
NM_002341.1	6.38	9189.30	86.73	192.31	113.02	1756.44	1750.43	1133.39	62.50	79.26	283.13	2913.03
NM_002342.1	228.53	83.10	1043.75	781.61	1055.97	433.18	577.99	476.01	1069.09	891.16	844.22	193.83
NM_002343.2	65.25	879.69	15.44	43.08	17.47	353.92	322.36	51.18	5.59	3.77	35.07	878.09
NM_001135685.1	3.32	83.10	19.01	9.17	3.52	2.40	1.92	13.17	1.00	5.45	35.07	4.95
NM_004271.3	24.43	381.11	42.18	60.04	128.36	344.32	422.30	420.11	123.14	211.78	107.79	437.95
NM_001033667.1	9.71	381.11	26.14	60.89	35.60	380.34	326.20	388.81	12.12	40.68	35.07	628.62
NM_015364.2	147.16	83.10	84.95	122.79	936.01	375.54	479.96	272.54	108.21	255.40	563.68	159.98
NM_002350.1	37.48	298.01	63.56	63.43	284.59	1689.20	2496.18	1596.23	78.36	92.68	35.07	254.42
NM_005360.4	246.30	962.78	940.38	416.16	615.88	226.64	220.49	187.57	1797.69	1696.35	1475.45	648.22
NM_004988.4	39.14	83.10	1.78	1.00	1.00	2.40	1.92	2.24	1.00	1.68	35.07	1.78
NM_001166386.1	56.08	83.10	1.78	1.00	1.00	2.40	1.92	2.24	1.00	1.68	35.07	4.95
NM_005362.3	545.64	83.10	1.78	1.54	3.52	8.10	1.92	19.88	1.00	1.68	37.66	1.78
NM_001011548.1	2.77	83.10	1.78	1.00	1.00	2.40	1.92	2.24	1.00	1.68	35.07	1.78
NM_002364.4	34.14	83.10	1.78	1.00	1.00	2.40	7.14	10.93	4.66	5.45	35.07	1.78
NM_005462.4	93.57	83.10	1.78	1.00	11.89	2.40	1.92	2.24	1.00	1.68	35.07	1.78
NM_016249.3	107.73	214.92	2.97	1.00	1.43	12.90	5.22	19.88	1.00	1.68	35.07	1.78
NM_002755.2	519.54	1295.17	1159.59	519.60	381.54	831.84	760.58	871.78	422.60	444.95	1124.77	555.56
NM_030662.2	718.64	1295.17	826.33	613.72	949.26	1597.94	1573.60	3168.12	647.42	575.79	949.43	626.84
NM_003010.2	116.62	131.82	202.57	125.33	162.54	442.78	474.20	290.43	135.26	166.49	177.93	159.98
NM_005921.1	246.85	1378.26	170.49	211.82	490.34	1818.88	1963.78	1835.48	262.14	273.85	423.41	938.67
NM_005923.3	152.16	298.01	589.30	378.00	278.31	2515.33	2571.14	1784.05	924.50	976.71	563.68	568.03
NM_145333.1	421.24	962.78	338.01	552.67	365.50	819.83	750.97	737.62	352.63	369.46	703.95	552.00
NM_004579.2	96.62	962.78	54.65	92.26	107.44	272.27	414.61	277.01	47.57	45.71	35.07	532.40
NM_138957.2	620.34	298.01	396.83	425.49	484.76	4186.83	3966.54	4210.08	1127.87	1065.62	458.47	856.70
NM_002751.5	4.99	83.10	2.97	15.95	93.49	3.29	3.30	10.93	41.04	25.58	213.00	37.02
NM_001315.1	509.54	1128.98	1241.57	777.37	544.04	3783.36	5636.79	6001.09	586.79	649.60	949.43	737.32
NM_001040056.1	347.65	83.10	199.01	402.59	614.48	1115.22	1623.58	865.07	670.75	584.18	668.88	430.83
NM_002750.2	183.54	83.10	204.35	211.82	173.00	137.78	170.52	129.44	150.19	184.94	353.27	120.77
NM_004759.3	290.17	1045.88	395.04	379.70	682.14	990.34	1039.28	1090.90	595.18	550.63	809.16	596.55
NM_006770.3	1.93	547.30	612.47	511.13	34.91	209.83	243.55	15.40	26.12	8.81	35.07	254.42
NM_139125.3	19.15	83.10	576.82	226.23	1.00	3.29	10.99	6.46	246.28	288.95	72.72	1.78
NM_139208.1	7.76	83.10	2658.39	990.19	1.00	2.40	12.91	10.93	1.00	1.68	35.07	1.78
NM_020746.3	327.10	962.78	510.88	502.65	356.43	486.01	391.55	408.93	625.04	701.60	528.61	350.64
NM_000242.2	4.71	83.10	1195.23	489.93	1.00	2.40	1.92	2.24	1.00	1.68	35.07	1.78
NM_006500.2	75.80	214.92	35.05	76.15	198.81	2.40	9.06	2.24	733.25	636.18	668.88	101.17
NM_002397.3	131.61	1544.46	125.94	147.38	178.58	454.79	401.16	543.09	864.79	943.16	2036.54	1107.95
NM_000243.2	2.21	83.10	6.53	20.19	55.83	889.47	1108.47	871.78	15.85	10.48	35.07	6.73
NM_006343.2	72.47	381.11	339.80	224.53	250.42	87.35	105.17	71.30	289.19	280.56	423.41	143.94
NM_001114614.1	400.14	1212.07	108.12	686.64	366.19	51.33	16.75	17.64	840.53	565.73	3299.00	715.93
NM_000247.1	58.03	83.10	191.88	77.00	71.87	77.74	91.71	46.71	78.36	80.94	37.66	94.05
NM_005931.3	246.57	83.10	33.27	32.06	93.49	538.84	468.43	440.24	74.63	62.49	35.07	243.73
NM_002415.1	2175.67	1378.26	1198.80	1495.54	2685.20	231.44	232.02	281.48	5566.59	5474.03	2387.22	630.40
NM_000902.2	84.13	83.10	320.19	53.26	16.77	1139.24	1392.93	607.94	782.70	584.18	35.07	28.11
NM_002426.3	10.26	214.92	1.78	119.39	60.01	12.90	1.92	8.70	5.59	5.45	37.66	29.90
NM_004994.2	2.21	4369.72	19.01	483.99	106.74	1297.74	1929.18	4301.75	5220.49	2296.88	142.86	2941.54
NM_005515.3	10.26	83.10	1.78	4.08	1.00	2.40	1.92	2.24	1.00	1.68	35.07	1.78
NM_001044370.1	1.00	83.10	582.17	238.10	1.00	5.70	1.92	6.46	1.00	1.68	37.66	1.78
NM_001531.2	20.54	83.10	29.70	25.28	143.01	152.19	120.54	100.37	88.62	144.68	72.72	56.63
NM_002438.2	1.00	83.10	309.50	279.65	173.00	3.29	10.99	15.40	60.63	62.49	668.88	170.67
NM_152866.2	34.70	11017.42	2.97	20.19	18.17	137.78	78.26	319.50	1.86	1.68	35.07	6043.85
NM_000139.3	2.77	131.82	2.97	16.80	20.26	92.15	99.40	17.64	2.79	7.13	213.00	17.42
NM_002445.3	7.49	83.10	156.23	277.95	562.18	166.60	60.96	33.29	643.69	949.87	668.88	10.30
NM_002447.1	46.08	131.82	2.97	20.19	3.52	2.40	1.92	2.24	1.00	1.68	35.07	40.59
NM_001018017.1	121.06	83.10	1.78	522.15	40.49	2.40	3.30	15.40	546.67	559.02	72.72	6.73
NM_002462.2	54.14	962.78	555.44	483.14	423.38	3298.25	2724.90	764.45	323.71	262.11	142.86	541.31
NM_002468.3	148.27	547.30	849.49	319.50	335.51	1850.10	2567.30	2036.72	289.19	262.11	318.20	388.06
NM_000615.5	106.34	381.11	65.34	78.70	6.31	77.74	37.89	156.27	481.37	332.56	809.16	31.68
NM_000433.3	33.31	1045.88	102.77	116.85	853.71	12914.13	16429.04	9603.23	124.07	116.17	318.20	126.12
NM_000631.4	30.53	381.11	20.79	56.65	136.73	2085.45	3034.35	1911.50	73.69	106.10	213.00	256.20
NM_004829.5	2.21	83.10	17.23	8.32	2.82	84.95	97.48	171.92	3.73	1.68	35.07	24.55
NM_006158.3	25.26	83.10	1.78	6.62	2.82	56.13	39.82	15.40	365.69	449.98	107.79	1.78
NM_172389.1	29.15	381.11	13.66	56.65	42.58	130.58	107.09	104.84	61.57	52.42	37.66	325.69
NM_012340.3	108.84	2790.90	370.09	269.47	205.08	987.94	687.54	900.85	321.84	287.27	809.16	1327.13
NM_004555.2	328.49	879.69	402.17	210.97	290.87	836.64	670.25	871.78	289.19	345.98	283.13	562.69
NM_001136022.2	58.86	83.10	35.05	143.14	43.97	2.40	1.92	2.24	157.65	101.07	493.54	61.97
NM_003998.2	48.58	131.82	70.69	99.05	143.71	279.47	241.63	294.90	137.13	159.78	35.07	172.45
NM_002502.2	139.11	962.78	190.10	311.02	469.41	382.74	428.07	339.62	265.87	263.78	458.47	705.24
NM_020529.1	954.68	2873.99	1884.93	2468.08	1497.45	1982.19	2530.78	2114.98	1563.53	1344.08	1265.04	2050.59
NM_005601.3	109.40	2043.03	279.20	211.82	184.16	2791.52	2659.56	5645.57	198.70	263.78	107.79	698.11
NM_032206.4	21.93	713.49	83.17	84.63	182.07	572.47	454.98	451.42	118.47	122.87	353.27	544.87
NM_001079821.2	5.82	83.10	22.57	24.43	43.97	320.30	312.75	581.10	48.50	54.10	107.79	33.46
NM_006092.1	58.30	547.30	61.78	83.78	155.56	164.20	112.85	104.84	170.71	151.39	142.86	172.45
NM_022162.1	8.60	83.10	27.92	30.36	71.87	1199.28	1487.11	353.04	35.44	54.10	35.07	45.93
NM_153292.1	1.10	83.10	1.78	4.08	1.00	2.40	1.92	2.24	7.46	5.45	35.07	17.42
NM_017617.3	126.06	464.21	256.03	274.56	203.69	692.54	858.60	558.74	391.81	283.91	458.47	450.43
NM_015718.2	1.00	83.10	1.78	3.23	3.52	12.90	12.91	15.40	1.00	7.13	35.07	1.78
NM_017970.3	143.28	464.21	510.88	314.41	172.30	706.95	558.77	335.15	191.24	215.14	598.75	266.89
NM_003873.5	187.98	381.11	1307.51	1150.44	1625.08	24.91	18.67	17.64	2478.70	2426.05	2667.77	370.24
NM_002526.2	683.93	83.10	1257.61	511.97	80.94	8.10	3.30	13.17	144.59	121.20	528.61	111.86
NM_020401.2	599.52	547.30	236.43	349.18	458.26	226.64	210.88	192.05	381.55	413.08	283.13	370.24
NM_006187.2	79.41	464.21	117.03	164.33	219.73	567.66	341.58	252.42	192.17	148.04	35.07	83.35
NM_004152.2	4476.86	5948.55	2847.29	2898.82	4094.04	55702.87	51631.18	102695.50	3331.37	3531.51	3299.00	4964.01
NM_020530.4	1.10	83.10	1.78	1.00	19.56	20.11	91.71	24.35	1.86	2.10	37.66	3.17
NM_173493.2	48.03	83.10	1.78	1.00	1.00	2.40	3.30	2.24	1.00	1.68	35.07	1.78
NM_016734.1	3.88	1295.17	1.78	2.38	2.82	8.10	9.06	53.42	1.00	1.68	35.07	1018.86
NM_018492.2	284.34	83.10	2.97	66.82	80.24	2.40	1.92	2.24	40.11	55.78	35.07	12.08
NM_005018.1	1.65	381.11	1.78	1.54	11.89	8.10	7.14	13.17	1.00	1.68	35.07	252.64
NM_025239.3	13.04	83.10	19.01	24.43	20.96	10.50	3.30	13.17	26.12	49.07	35.07	110.08
NM_016205.2	129.67	298.01	174.06	208.42	479.18	106.56	145.53	116.02	362.89	451.66	423.41	74.44
NM_002609.3	120.50	630.40	350.49	677.31	629.83	51.33	59.04	111.55	3225.95	2573.67	4456.25	673.17
NM_000442.3	29.42	1544.46	314.85	500.95	929.73	5860.72	5790.56	3883.63	2162.45	2058.68	3299.00	1344.95
NM_005026.3	80.24	1461.36	92.08	164.33	184.86	2803.52	3520.63	2530.87	201.50	245.33	107.79	1380.59
NM_002649.2	98.29	879.69	51.09	70.22	131.85	1389.00	1525.55	1225.06	116.61	156.42	142.86	862.05
NM_006221.2	144.94	83.10	179.40	129.57	143.01	144.99	135.92	118.26	174.45	137.97	35.07	193.83
NM_000928.2	1.00	83.10	1.78	1.00	1.00	2.40	1.92	2.24	1.86	1.68	35.07	1.78
NM_001004426.1	78.30	298.01	145.54	123.63	64.90	84.95	82.10	71.30	134.33	124.55	213.00	195.61
NM_002658.2	296.00	214.92	45.74	226.23	451.28	15.30	18.67	15.40	500.96	379.53	1194.91	202.74
NM_001005376.1	59.97	214.92	1.78	59.19	116.51	430.77	428.07	241.24	61.57	45.71	142.86	28.11
NM_002674.2	1.38	83.10	1.78	6.62	3.52	2.40	1.92	8.70	1.00	5.45	35.07	15.64
NM_006029.4	158.55	83.10	29.70	180.44	193.92	104.16	135.92	120.49	192.17	174.88	213.00	142.16
NM_006235.2	24.15	1045.88	6.53	15.10	5.61	10.50	10.99	31.06	1.00	1.68	35.07	496.76
NM_002698.2	8.04	1045.88	22.57	29.52	56.53	558.06	433.83	610.17	81.16	64.16	177.93	1034.90
NM_015869.3	35.81	83.10	86.73	55.80	87.21	2.40	7.14	2.24	26.12	65.84	35.07	4.95
NM_002704.2	1.10	214.92	11.88	49.02	7.01	9167.68	14088.00	4250.33	13.05	10.48	35.07	31.68
NM_006115.3	557.58	83.10	1.78	258.45	1.00	2.40	1.92	6.46	1.00	3.77	35.07	1.78
NM_005041.3	3.60	464.21	83.17	60.04	90.00	1444.24	1112.31	3253.09	97.02	106.10	72.72	391.63
NM_002728.4	18.87	83.10	109.90	27.82	52.34	8.10	1.92	4.22	14.92	18.87	35.07	1.78
NM_006254.3	97.18	381.11	67.13	190.62	163.24	1300.14	1736.98	1520.21	182.84	173.20	35.07	316.78
NM_005400.2	25.81	214.92	109.90	88.02	44.67	22.51	32.13	37.76	34.51	39.00	35.07	143.94
NM_002761.2	1.00	83.10	1.78	2.38	1.00	2.40	1.92	2.24	1.00	1.68	35.07	1.78
NM_000021.2	312.11	214.92	256.03	404.29	350.85	1439.43	1479.42	1395.00	386.21	423.14	668.88	357.77
NM_000447.2	87.46	83.10	145.54	107.52	273.43	32.11	24.44	35.53	71.83	54.10	37.66	115.43
NM_002801.2	101.62	713.49	289.90	185.53	300.63	1009.55	1029.67	739.86	277.06	278.88	248.06	569.82
NM_002799.2	2204.83	1876.84	1615.82	1519.28	1613.92	882.27	873.98	925.44	1358.29	1547.05	1370.25	753.35
NM_004159.4	484.28	1128.98	696.23	571.33	1205.22	2054.23	2526.93	1426.30	988.87	1023.68	703.95	1120.43
NM_002800.4	263.79	2624.71	459.20	341.55	900.44	2875.57	3466.81	2758.94	613.84	735.15	388.34	1393.06
NM_002811.3	1358.71	464.21	1000.98	807.89	1126.41	807.82	883.59	764.45	806.95	812.32	1194.91	543.09
NM_000953.2	1.00	131.82	24.35	11.71	16.77	101.76	68.65	207.70	20.52	39.00	177.93	47.72
NM_004778.1	8.04	83.10	1.78	1.00	1.00	817.43	718.30	232.29	1.00	1.68	35.07	1.78
NM_000956.2	64.97	83.10	43.96	71.91	47.46	1182.46	981.62	860.60	1569.13	2055.33	142.86	54.84
NM_000963.1	103.29	83.10	1.78	1.00	32.81	147.39	201.27	84.72	14.92	10.48	35.07	8.51
NM_080921.3	77.46	2458.51	163.36	286.43	612.39	10745.51	12304.35	8567.98	373.15	602.63	353.27	2002.47
NM_006505.3	221.03	131.82	623.16	348.33	366.89	130.58	116.70	156.27	652.09	627.80	563.68	92.26
NM_013258.3	34.14	131.82	17.23	43.08	106.05	277.07	347.34	198.75	31.71	49.07	142.86	44.15
NM_000448.2	85.52	83.10	8.31	13.41	28.63	2.40	1.92	2.24	15.85	20.55	35.07	1.78
NM_002908.2	71.63	1378.26	140.19	127.03	149.99	346.72	349.26	361.98	163.25	183.26	107.79	824.63
NM_021975.2	92.18	83.10	154.45	136.35	120.69	171.40	170.52	236.77	166.05	158.10	318.20	161.76
NM_006509.2	42.20	381.11	45.74	121.94	216.94	301.09	343.50	348.56	153.92	132.94	35.07	355.99
NM_001128617.2	349.32	214.92	616.03	361.89	269.95	469.20	399.24	480.49	267.74	282.24	177.93	511.01
NM_002922.3	3.60	298.01	19.01	56.65	1103.39	10.50	12.91	17.64	66.23	40.68	37.66	306.09
NM_003821.5	170.77	381.11	58.22	186.38	502.89	327.51	280.07	216.64	132.47	186.62	37.66	120.77
NM_017578.2	3.88	83.10	1.78	1.00	8.40	17.70	18.67	19.88	7.46	1.68	35.07	4.95
NM_134261.2	56.08	214.92	576.82	216.06	79.54	351.52	226.25	308.32	419.80	416.43	318.20	120.77
NM_001001523.1	26.92	83.10	1300.38	393.27	54.44	24.91	10.99	40.00	366.62	404.69	37.66	6.73
NM_001010.2	18349.84	23481.83	9434.15	13548.47	18130.82	4988.95	4946.78	5972.02	13430.92	16934.55	9716.47	15639.46
NM_004165.1	1.00	83.10	2.97	15.10	96.28	2.40	10.99	4.22	35.44	23.90	739.02	3.17
NM_001754.4	104.12	83.10	56.43	100.74	207.18	301.09	208.96	227.82	317.18	329.20	739.02	167.10
NM_004350.1	47.20	131.82	35.05	75.30	97.68	476.40	353.11	531.91	34.51	25.58	35.07	384.50
NM_005621.1	1.10	83.10	1.78	15.10	26.54	3812.18	10630.25	10598.24	1.00	2.10	35.07	1.78
NM_002963.2	27.76	83.10	1.78	1.54	1.00	2.40	1.92	4.22	1.00	1.68	35.07	1.78
NM_002964.3	8.32	83.10	42.18	106.68	362.71	17539.55	41934.49	23750.20	27.05	40.68	318.20	20.99
NM_006272.1	30.53	83.10	4.75	11.71	41.88	3.29	10.99	2.24	1.00	10.48	35.07	8.51
NM_199161.1	7.76	131.82	5525.88	13405.17	1275.66	2.40	1.92	2.24	359.16	168.17	7226.63	29.90
NM_014963.2	78.85	214.92	204.35	248.28	226.70	512.43	837.46	659.36	289.19	240.30	493.54	295.40
NM_000450.2	1.00	83.10	1.78	4.93	5.61	2.40	1.92	2.24	6.52	3.77	35.07	8.51
NR_029467.1	1.93	2209.23	40.39	38.84	103.26	8725.79	12902.10	6788.15	16.79	28.94	37.66	1334.26
NM_001206609.1	47.75	713.49	27.92	53.26	111.63	3062.89	3384.16	2175.35	64.36	74.23	72.72	240.16
NM_003007.2	2.49	83.10	1.78	1.00	1.00	2.40	16.75	2.24	1.00	1.68	35.07	1.78
NM_002575.1	278.79	83.10	1.78	2.38	1.43	72.94	103.24	51.18	1.00	1.68	35.07	1.78
NM_000062.2	67.19	2458.51	41826.67	20380.02	8261.27	289.08	314.67	243.47	8383.94	7330.99	15923.54	1704.90
NM_020979.3	21.37	547.30	15.44	43.08	50.25	116.17	130.15	98.14	14.92	17.19	35.07	188.49
NM_001114937.2	61.91	83.10	13.66	20.19	36.30	176.21	126.31	133.91	16.79	17.19	35.07	233.03
NM_053282.4	2.77	83.10	10.10	9.17	4.22	144.99	151.29	353.04	6.52	12.16	142.86	8.51
NM_021805.2	46.92	879.69	147.32	361.89	60.01	368.33	333.89	440.24	55.97	70.87	107.79	297.18
NM_023068.3	3.32	381.11	309.50	207.58	123.48	44.12	20.60	42.24	122.20	129.58	563.68	355.99
NM_003037.2	1.00	83.10	1.78	9.17	3.52	68.14	47.50	80.25	4.66	10.48	35.07	151.07
NM_001184714.1	3.32	83.10	6.53	13.41	8.40	94.55	76.34	84.72	6.52	10.48	35.07	179.58
NM_021181.3	3.32	83.10	24.35	38.84	37.00	87.35	57.11	171.92	20.52	17.19	35.07	140.38
NM_000578.2	1.93	83.10	1.78	44.78	150.68	1814.08	2501.95	1875.73	19.59	47.39	35.07	1.78
NM_005901.5	554.81	298.01	309.50	501.80	341.78	990.34	1060.42	903.08	516.82	605.99	563.68	466.47
NM_005902.3	308.50	1378.26	542.96	378.85	301.33	356.32	287.76	353.04	633.43	659.67	668.88	594.76
NM_018667.3	3.60	83.10	13.66	6.62	1.00	178.61	193.58	46.71	1.86	12.16	35.07	10.30
NM_003745.1	80.80	796.59	15.44	64.28	80.94	219.44	180.13	57.89	87.69	97.71	72.72	471.81
NM_017425.3	102.46	83.10	13.66	64.28	173.00	2.40	26.36	22.11	92.35	99.39	107.79	29.90
NM_173847.3	1.00	83.10	1.78	1.00	1.00	2.40	1.92	2.24	1.00	1.68	35.07	1.78
NM_032461.2	57.75	83.10	1.78	1.00	1.00	3.29	1.92	2.24	1.00	1.68	35.07	1.78
NM_006846.3	16.37	83.10	1.78	9.17	1.00	12.90	10.99	8.70	1.00	1.68	35.07	1.78
NM_003123.3	49.42	83.10	20.79	27.82	43.97	245.85	158.98	250.18	17.72	7.13	35.07	136.81
NM_198265.1	1.00	83.10	1.78	1.00	1.00	2.40	1.92	2.24	1.00	1.68	35.07	1.78
NM_000582.2	575.63	83.10	99.20	2173.86	83377.51	10.50	18.67	4.22	25842.18	27695.56	43101.37	45.93
NM_005635.2	13.87	83.10	1.78	1.54	1.00	2.40	1.92	13.17	1.00	1.68	35.07	4.95
NM_005636.3	5.54	83.10	1.78	1.00	1.00	2.40	1.92	2.24	1.00	1.68	35.07	1.78
NM_003032.2	272.40	2126.13	6404.48	3519.48	493.83	879.87	681.78	733.15	369.42	359.40	528.61	1965.05
NM_007315.2	288.78	1627.55	788.90	801.96	1171.04	3199.78	2705.68	2199.94	814.41	973.36	984.50	1113.30
NM_005419.2	153.83	298.01	1225.53	658.66	416.41	690.14	558.77	612.41	594.25	547.28	879.29	511.01
NM_139276.2	715.03	1295.17	2767.10	2279.85	2377.62	2719.47	3893.50	2716.45	1608.31	1691.32	2702.84	1189.92
NM_003151.2	8.04	131.82	72.47	80.39	34.91	207.43	155.14	254.65	34.51	40.68	72.72	90.48
NM_012448.3	247.41	547.30	293.46	211.82	267.85	2107.07	2611.50	2182.06	417.00	329.20	283.13	685.64
NM_003153.3	229.36	4120.44	1514.24	958.82	824.41	2342.42	2390.47	2258.08	1565.40	1370.92	1896.27	1888.43
NM_052902.2	79.13	214.92	90.29	121.94	134.64	152.19	162.83	156.27	151.12	116.17	283.13	179.58
NM_003176.2	2.77	83.10	1.78	1.00	1.00	2.40	1.92	2.24	1.00	1.68	35.07	1.78
NM_003177.3	94.40	962.78	42.18	156.70	280.41	2222.34	2623.04	1891.38	221.09	300.69	72.72	1120.43
NM_016524.2	1.65	83.10	51.09	33.76	7.71	2.40	1.92	2.24	10.26	15.52	35.07	8.51
NM_153497.2	132.72	83.10	336.23	183.84	201.60	250.66	232.02	227.82	388.08	382.88	388.34	261.55
NM_003189.2	40.81	83.10	6.53	15.95	11.89	92.15	151.29	107.08	35.44	25.58	35.07	10.30
NM_004180.2	290.45	879.69	801.38	620.50	1039.23	2416.87	2440.44	1902.56	710.86	951.55	844.22	1214.87
NM_000593.5	43.31	83.10	27.92	65.13	230.89	562.86	595.29	411.17	111.94	139.65	142.86	225.91
NM_000544.3	137.44	1461.36	181.18	170.27	442.91	637.31	624.12	399.99	194.97	196.68	283.13	730.19
NM_003190.4	383.47	4286.63	2057.80	1264.06	1612.53	1706.01	2113.70	1743.81	1427.33	1479.95	1650.79	1622.93
NM_001003799.1	6.10	464.21	15.44	26.97	11.19	286.68	212.80	489.43	31.71	50.74	37.66	241.94
NM_015527.3	146.89	547.30	147.32	197.40	157.66	267.47	331.97	254.65	238.82	240.30	177.93	213.43
NM_013254.2	129.11	83.10	181.18	175.36	226.01	315.50	272.38	227.82	200.57	218.49	248.06	140.38
NM_013351.1	1.93	83.10	19.01	19.34	8.40	349.12	239.71	692.90	13.05	10.48	35.07	40.59
NM_003202.2	536.20	1128.98	86.73	133.81	176.49	1112.82	833.62	786.81	17.72	23.90	72.72	833.54
NM_006521.3	18.59	83.10	26.14	34.60	74.66	135.38	141.68	138.38	60.63	87.65	107.79	24.55
NM_007162.2	21.37	879.69	86.73	64.28	115.11	368.33	572.22	350.80	80.22	65.84	142.86	318.57
NM_003234.1	1733.04	547.30	339.80	571.33	729.56	1189.67	804.79	2830.49	922.63	1048.84	633.81	446.86
NM_000660.3	233.80	713.49	375.44	317.80	837.67	1991.79	2280.91	1882.44	917.03	783.80	984.50	610.80
NM_003238.2	58.86	83.10	2.97	100.74	863.47	10.50	10.99	8.70	38.24	12.16	388.34	4.95
NM_000361.2	41.36	547.30	56.43	164.33	148.59	404.36	606.82	288.19	246.28	124.55	1054.63	420.14
NM_003246.2	293.23	83.10	143.76	578.11	1516.98	308.29	343.50	167.45	481.37	699.93	5823.90	279.36
NM_006288.2	267.96	1959.94	31.48	475.51	493.13	2.40	3.30	13.17	2545.87	2177.78	5823.90	617.93
NM_014261.1	73.02	214.92	181.18	120.24	159.75	183.41	153.22	187.57	303.19	243.65	142.86	163.54
NM_021649.4	57.75	83.10	67.13	54.11	82.33	272.27	203.19	192.05	300.39	443.27	35.07	95.83
NM_173799.2	1.00	630.40	26.14	20.19	55.83	164.20	201.27	203.23	17.72	28.94	37.66	457.56
NM_148910.2	16.37	83.10	106.33	45.63	41.88	72.94	101.32	62.36	46.64	44.03	107.79	44.15
NM_003263.3	26.09	879.69	204.35	205.03	1009.93	7335.28	8356.48	4614.79	504.69	797.22	528.61	844.23
NM_030956.2	1.38	1045.88	19.01	21.89	39.79	190.62	278.15	127.20	37.31	57.45	37.66	981.44
NM_003264.3	6.65	214.92	184.75	199.95	360.61	3723.32	4101.08	2316.21	481.37	602.63	633.81	111.86
NM_003265.2	15.82	83.10	52.87	49.02	47.46	10.50	16.75	19.88	642.76	810.64	35.07	4.95
NM_138554.2	33.03	298.01	279.20	254.21	327.14	3110.92	3560.99	3219.55	311.58	423.14	528.61	334.60
NM_003268.3	8.32	83.10	24.35	35.45	197.41	212.23	489.57	547.56	76.49	77.58	107.79	35.24
NM_006068.2	29.42	464.21	38.61	39.69	166.72	1465.85	1754.27	831.53	33.58	91.00	107.79	402.32
NM_016562.3	3.88	83.10	24.35	19.34	82.33	29.71	32.13	55.65	83.96	131.26	177.93	49.50
NM_016610.2	1.65	464.21	6.53	21.89	43.97	1403.41	1777.34	1493.38	48.50	55.78	37.66	49.50
NM_017442.2	22.20	298.01	1.78	17.65	11.19	72.94	51.35	28.82	18.65	15.52	35.07	140.38
NM_016192.2	10.26	83.10	4.75	1.00	1.00	2.40	1.92	2.24	1.00	1.68	35.07	3.17
NM_000594.2	1.93	214.92	27.92	126.18	53.04	205.03	176.28	194.28	41.04	52.42	35.07	400.53
NM_006290.2	245.46	796.59	127.72	259.30	509.17	365.93	301.21	306.08	379.68	345.98	213.00	625.06
NM_007115.2	10.26	547.30	8.31	14.25	50.95	161.80	262.77	102.61	59.70	74.23	388.34	22.77
NM_003842.3	131.89	630.40	343.36	203.34	282.50	164.20	134.00	145.09	273.33	334.24	318.20	202.74
NM_003841.3	13.87	83.10	20.79	38.00	341.08	12037.55	16402.13	7948.62	83.96	92.68	107.79	33.46
NM_003839.2	29.42	83.10	6.53	17.65	46.07	2.40	1.92	2.24	180.98	205.07	107.79	37.02
NM_002546.2	185.21	83.10	24.35	50.71	524.51	2.40	1.92	2.24	195.90	164.81	177.93	58.41
NM_016639.1	54.69	83.10	17.23	51.56	202.99	2.40	10.99	10.93	28.91	22.23	423.41	1.78
NM_012452.2	48.03	83.10	6.53	2.38	1.00	3.29	3.30	2.24	1.00	3.77	35.07	47.72
NM_052945.3	21.65	3954.24	1.78	14.25	16.08	34.51	30.21	142.85	21.45	13.84	35.07	2312.53
NM_003820.2	131.33	1128.98	649.89	318.65	580.31	1035.97	950.86	572.16	912.37	837.48	598.75	851.36
NM_001192.2	91.90	83.10	38.61	40.54	23.05	34.51	9.06	42.24	1.00	1.68	37.66	409.44
NM_004195.2	54.69	83.10	8.31	18.49	30.72	10.50	5.22	22.11	13.99	15.52	35.07	72.66
NM_001065.2	472.06	547.30	1305.73	1018.17	1215.68	3536.00	4756.50	2859.55	1408.67	1412.85	2562.56	493.19
NM_001066.2	33.87	547.30	247.12	187.23	349.45	2664.23	2828.69	2195.47	196.84	206.75	458.47	470.03
NM_003327.2	1.00	83.10	1.78	13.41	14.68	27.31	26.36	19.88	71.83	57.45	35.07	54.84
NM_152942.2	31.37	83.10	1.78	20.19	22.35	190.62	199.35	178.63	6.52	7.13	35.07	31.68
NM_001561.4	1.38	83.10	2.97	16.80	43.28	65.74	87.87	64.60	1.00	10.48	35.07	199.18
NM_003810.2	57.19	1045.88	3458.57	1105.51	1730.40	5281.94	5688.69	3624.26	5271.80	7064.27	914.36	812.16
NM_003701.2	1.00	298.01	4.75	1.00	1.00	10.50	12.91	4.22	1.00	5.45	37.66	92.26
NM_003809.2	56.91	381.11	402.17	247.43	265.76	589.28	568.38	476.01	372.22	414.76	668.88	341.73
NM_003808.3	8.04	214.92	77.82	47.32	119.99	137.78	170.52	196.52	71.83	116.17	283.13	76.23
NM_006573.4	20.26	83.10	43.96	61.74	90.00	942.31	1168.05	878.49	109.14	164.81	35.07	94.05
NM_003807.3	8.87	83.10	521.58	657.81	173.00	704.55	814.40	489.43	41.97	44.03	35.07	81.57
NM_001204344.1	3.60	83.10	1.78	21.04	27.93	2.40	9.06	6.46	9.32	33.97	35.07	33.46
NM_005092.2	2.49	83.10	1.78	14.25	27.93	12.90	3.30	2.24	1.86	1.68	35.07	1.78
NM_003326.2	24.98	547.30	42.18	68.52	105.35	156.99	232.02	124.97	59.70	62.49	107.79	54.84
NM_001244.3	5.26	298.01	4.75	21.04	33.51	313.10	287.76	270.30	25.18	39.00	37.66	199.18
NM_019009.2	133.28	547.30	1052.66	817.22	522.42	726.17	822.09	735.39	404.87	371.14	283.13	348.86
NM_000546.2	558.14	879.69	223.96	228.77	570.54	317.90	253.16	507.32	369.42	354.37	563.68	601.89
NM_003294.3	67.47	1627.55	127.72	362.74	653.54	12.90	41.74	6.46	144.59	89.33	1791.06	690.99
NM_199259.2	109.95	214.92	1.78	4.93	1.00	2.40	9.06	10.93	3.73	7.13	72.72	1.78
NM_021138.3	190.76	381.11	143.76	239.80	260.88	104.16	134.00	104.84	159.52	174.88	283.13	384.50
NM_145725.1	121.06	1128.98	223.96	227.08	233.68	217.03	222.41	169.69	178.18	161.46	72.72	461.12
NM_145803.1	55.25	83.10	111.68	97.35	103.26	221.84	216.64	169.69	166.98	119.52	213.00	159.98
NM_018643.3	2.77	83.10	2.97	31.21	113.72	2796.32	3240.01	1576.11	11.19	1.68	107.79	1.78
NM_018965.3	1.65	83.10	10.10	16.80	122.78	2.40	1.92	8.70	114.74	137.97	35.07	1.78
NM_003318.3	293.23	83.10	2.97	124.48	73.96	12.90	5.22	6.46	54.10	37.32	35.07	45.93
NM_003328.1	1.00	83.10	24.35	13.41	8.40	118.57	99.40	86.96	15.85	28.94	35.07	42.37
NM_006472.1	870.82	5283.78	3153.83	2061.94	2155.84	13687.43	14462.79	7320.31	5863.25	5982.30	4351.04	3745.19
NM_003331.3	189.65	630.40	311.28	342.39	320.16	1211.28	1160.36	820.35	409.54	406.37	528.61	731.97
NM_018955.3	8884.04	7194.99	17778.22	7285.86	11332.82	90614.48	54873.66	120663.73	6024.65	6837.81	6630.47	5236.65
NM_021009.3	11646.19	13759.59	13223.02	11694.96	16147.98	26425.35	28401.42	18073.08	27638.01	29893.05	18693.93	10992.23
NM_025217.2	26.37	83.10	2.97	12.56	2.13	12.90	14.83	2.24	19.59	1.68	35.07	1.78
NM_004654.3	11.65	83.10	1.78	1.00	20.26	2.40	1.92	33.29	161.39	191.65	37.66	65.54
NM_001078.3	62.19	1045.88	200.79	363.59	336.20	3.29	1.92	8.70	2315.45	2944.39	458.47	1099.04
NM_001025366.1	1153.22	381.11	2298.39	2005.98	778.38	257.86	195.50	113.79	17039.36	16743.31	1265.04	131.47
NM_005429.2	166.88	131.82	36.83	63.43	43.97	2.40	7.14	13.17	118.47	55.78	142.86	113.65
NM_001013661.1	1.65	83.10	1.78	10.02	1.43	24.91	32.13	8.70	2.79	2.10	35.07	1.78
NM_022153.1	12.21	131.82	31.48	73.61	123.48	5224.30	5556.07	3094.33	151.12	156.42	177.93	274.02
NM_003175.3	6.10	83.10	10.10	24.43	13.98	48.92	72.49	169.69	28.91	30.61	35.07	60.19
NM_005283.2	3.04	83.10	1.78	7.47	2.13	8.10	5.22	6.46	1.00	5.45	35.07	42.37
NM_001172828.1	491.77	547.30	264.95	283.89	379.44	488.41	478.04	440.24	432.86	359.40	388.34	445.08
NM_001079.3	102.46	1128.98	77.82	56.65	60.01	486.01	395.39	587.81	54.10	54.10	107.79	575.16
NM_001031686.1	12.48	83.10	40.39	21.04	19.56	2.40	1.92	2.24	49.44	40.68	107.79	4.95
NM_001090.2	459.84	83.10	280.99	346.63	323.65	229.04	210.88	274.78	222.02	200.04	598.75	338.17
NM_018238.3	265.74	83.10	120.59	144.83	256.69	125.77	124.39	122.73	209.90	189.97	213.00	172.45
NM_000688.4	126.61	83.10	1036.62	818.07	182.76	279.47	306.98	214.41	139.00	141.33	142.86	136.81
NM_001199140.1	214.64	298.01	199.01	244.88	272.04	166.60	208.96	169.69	233.22	263.78	248.06	229.47
NM_032449.2	8.32	131.82	15.44	16.80	9.80	2.40	10.99	15.40	20.52	25.58	35.07	20.99
NM_001256741.1	284.90	298.01	206.13	149.92	189.04	214.63	245.47	205.46	170.71	139.65	72.72	204.52
NM_001190848.1	213.53	464.21	305.94	264.39	373.17	320.30	287.76	315.02	320.91	371.14	283.13	400.53
NM_153603.3	227.41	83.10	204.35	171.96	239.26	166.60	130.15	198.75	348.90	339.27	318.20	168.89
NM_024045.1	305.17	630.40	154.45	189.77	207.18	286.68	226.25	245.71	276.13	324.17	283.13	309.66
NM_001164239.1	128.84	131.82	197.22	130.42	126.27	142.59	151.29	136.15	135.26	127.91	142.86	120.77
NM_032364.5	47.20	83.10	67.13	76.15	45.37	63.33	82.10	46.71	53.17	28.94	35.07	63.75
NM_001142443.1	246.02	131.82	222.17	231.32	141.62	193.02	172.44	216.64	164.18	156.42	353.27	213.43
NM_172195.3	339.32	381.11	293.46	253.36	297.15	181.01	153.22	227.82	293.86	319.14	423.41	243.73
NM_000122.1	108.84	83.10	113.46	108.37	122.78	82.55	51.35	75.78	110.08	96.04	72.72	135.03
NM_015962.4	737.53	1793.74	1252.26	1459.08	746.30	1105.61	1087.33	1086.43	1149.32	996.84	703.95	924.42
NM_000402.2	443.18	214.92	93.86	379.70	2345.54	1482.66	1571.68	1468.78	275.20	250.36	1265.04	211.65
NM_022078.2	16.09	83.10	49.30	38.84	30.02	20.11	66.72	55.65	34.51	30.61	388.34	37.02
NM_000181.1	268.51	214.92	788.90	357.66	241.35	106.56	114.78	151.80	256.54	235.27	248.06	127.90
NM_003883.2	248.80	83.10	343.36	272.87	245.54	221.84	241.63	223.35	381.55	391.27	248.06	256.20
NM_000194.1	1128.79	796.59	687.32	541.65	582.40	310.70	408.85	335.15	271.47	288.95	353.27	380.93
NM_031902.3	714.76	879.69	856.62	663.75	573.33	574.87	518.40	641.48	575.59	564.05	563.68	539.52
NM_022485.3	173.82	547.30	362.96	234.71	281.10	879.87	858.60	666.07	291.06	361.08	318.20	525.27
NM_016167.3	730.31	630.40	232.87	300.85	342.48	397.15	326.20	422.35	333.04	334.24	213.00	386.28
NM_001278506.1	96.07	131.82	76.04	64.28	82.33	87.35	126.31	116.02	95.15	107.78	35.07	138.59
NM_000937.2	478.17	713.49	835.24	824.00	1002.96	634.91	558.77	616.88	996.33	897.87	1194.91	1042.02
NM_021130.2	264.90	83.10	172.27	156.70	185.55	193.02	139.76	156.27	222.02	245.33	37.66	193.83
NM_032864.3	699.21	464.21	304.15	469.58	321.56	730.97	712.53	607.94	490.70	520.44	493.54	625.06
NM_024545.3	272.68	131.82	168.71	225.38	228.80	341.92	356.95	288.19	224.82	226.88	213.00	245.51
NM_004168.1	330.71	962.78	1355.63	761.26	620.06	411.56	266.62	346.33	1232.35	1271.95	703.95	359.55
NM_006802.2	505.66	131.82	380.79	383.94	466.63	320.30	243.55	306.08	377.82	384.56	458.47	347.08
NM_001172085.1	283.51	879.69	184.75	187.23	216.24	344.32	283.92	299.37	213.63	218.49	177.93	311.44
NM_006852.2	308.22	464.21	218.61	233.86	252.51	389.95	341.58	303.84	222.02	240.30	177.93	288.27
NM_024107.2	72.47	83.10	150.89	93.11	162.54	289.08	299.29	230.06	229.49	221.85	318.20	135.03
NM_021253.3	42.47	83.10	67.13	47.32	54.44	92.15	124.39	91.43	57.83	49.07	35.07	69.10
NM_178014.2	3558.83	2043.03	1510.67	1981.39	1766.66	678.14	612.58	621.35	1869.52	2008.36	2106.68	1580.16
NM_001256725.1	335.99	131.82	84.95	182.14	177.88	351.52	347.34	326.20	142.73	163.13	177.93	225.91
NM_001160103.1	290.73	83.10	628.51	425.49	333.41	144.99	103.24	165.21	403.01	449.98	142.86	222.34
NM_014569.3	43.03	83.10	29.70	35.45	34.21	60.93	28.28	19.88	37.31	42.36	37.66	22.77
NM_003442.5	125.50	83.10	106.33	121.94	124.88	517.23	485.73	402.23	125.94	154.75	177.93	279.36
NM_012279.2	49.97	83.10	45.74	93.96	76.75	123.37	105.17	82.48	65.30	59.13	72.72	113.65
